0,0,0,0,0,0,0
0.005,-1.25e-05,0.005,0.001,0,0,0
0.01,-5e-05,0.0099998,0.002,0,0,0
0.015,-0.0001125,0.014999,0.003,0,0,0
0.02,-0.00019999,0.019999,0.004,0,0,0
0.025,-0.00031248,0.024997,0.005,0,0,0
0.03,-0.00044997,0.029996,0.006,0,0,0
0.035,-0.00061244,0.034993,0.007,0,0,0
0.04,-0.00079989,0.039989,0.008,0,0,0
0.045,-0.0010123,0.044985,0.009,0,0,0
0.05,-0.0012497,0.049979,0.01,0,0,0
0.055,-0.0015121,0.054972,0.011,0,0,0
0.06,-0.0017995,0.059964,0.012,0,0,0
0.065,-0.0021118,0.064954,0.013,0,0,0
0.07,-0.002449,0.069943,0.014,0,0,0
0.075,-0.0028112,0.07493,0.015,0,0,0
0.08,-0.0031983,0.079915,0.016,0,0,0
0.085,-0.0036103,0.084898,0.017,0,0,0
0.09,-0.0040473,0.089879,0.018,0,0,0
0.095,-0.0045091,0.094857,0.019,0,0,0
0.1,-0.0049958,0.099833,0.02,0,0,0
0.105,-0.0055074,0.10481,0.021,0,0,0
0.11,-0.0060439,0.10978,0.022,0,0,0
0.115,-0.0066052,0.11475,0.023,0,0,0
0.12,-0.0071914,0.11971,0.024,0,0,0
0.125,-0.0078023,0.12467,0.025,0,0,0
0.13,-0.0084381,0.12963,0.026,0,0,0
0.135,-0.0090987,0.13459,0.027,0,0,0
0.14,-0.009784,0.13954,0.028,0,0,0
0.145,-0.010494,0.14449,0.029,0,0,0
0.15,-0.011229,0.14944,0.03,0,0,0
0.155,-0.011988,0.15438,0.031,0,0,0
0.16,-0.012773,0.15932,0.032,0,0,0
0.165,-0.013582,0.16425,0.033,0,0,0
0.17,-0.014415,0.16918,0.034,0,0,0
0.175,-0.015273,0.17411,0.035,0,0,0
0.18,-0.016156,0.17903,0.036,0,0,0
0.185,-0.017064,0.18395,0.037,0,0,0
0.19,-0.017996,0.18886,0.038,0,0,0
0.195,-0.018952,0.19377,0.039,0,0,0
0.2,-0.019933,0.19867,0.04,0,0,0
0.205,-0.020939,0.20357,0.041,0,0,0
0.21,-0.021969,0.20846,0.042,0,0,0
0.215,-0.023024,0.21335,0.043,0,0,0
0.22,-0.024103,0.21823,0.044,0,0,0
0.225,-0.025206,0.22311,0.045,0,0,0
0.23,-0.026334,0.22798,0.046,0,0,0
0.235,-0.027486,0.23284,0.047,0,0,0
0.24,-0.028662,0.2377,0.048,0,0,0
0.245,-0.029863,0.24256,0.049,0,0,0
0.25,-0.031088,0.2474,0.05,0,0,0
0.255,-0.032337,0.25225,0.051,0,0,0
0.26,-0.03361,0.25708,0.052,0,0,0
0.265,-0.034907,0.26191,0.053,0,0,0
0.27,-0.036229,0.26673,0.054,0,0,0
0.275,-0.037575,0.27155,0.055,0,0,0
0.28,-0.038945,0.27636,0.056,0,0,0
0.285,-0.040338,0.28116,0.057,0,0,0
0.29,-0.041756,0.28595,0.058,0,0,0
0.295,-0.043198,0.29074,0.059,0,0,0
0.3,-0.044664,0.29552,0.06,0,0,0
0.305,-0.046153,0.30029,0.061,0,0,0
0.31,-0.047666,0.30506,0.062,0,0,0
0.315,-0.049204,0.30982,0.063,0,0,0
0.32,-0.050765,0.31457,0.064,0,0,0
0.325,-0.052349,0.31931,0.065,0,0,0
0.33,-0.053958,0.32404,0.066,0,0,0
0.335,-0.05559,0.32877,0.067,0,0,0
0.34,-0.057245,0.33349,0.068,0,0,0
0.345,-0.058925,0.3382,0.069,0,0,0
0.35,-0.060627,0.3429,0.07,0,0,0
0.355,-0.062354,0.34759,0.071,0,0,0
0.36,-0.064103,0.35227,0.072,0,0,0
0.365,-0.065876,0.35695,0.073,0,0,0
0.37,-0.067673,0.36162,0.074,0,0,0
0.375,-0.069492,0.36627,0.075,0,0,0
0.38,-0.071335,0.37092,0.076,0,0,0
0.385,-0.073202,0.37556,0.077,0,0,0
0.39,-0.075091,0.38019,0.078,0,0,0
0.395,-0.077003,0.38481,0.079,0,0,0
0.4,-0.078939,0.38942,0.08,0,0,0
0.405,-0.080898,0.39402,0.081,0,0,0
0.41,-0.082879,0.39861,0.082,0,0,0
0.415,-0.084884,0.40319,0.083,0,0,0
0.42,-0.086911,0.40776,0.084,0,0,0
0.425,-0.088961,0.41232,0.085,0,0,0
0.43,-0.091034,0.41687,0.086,0,0,0
0.435,-0.09313,0.42141,0.087,0,0,0
0.44,-0.095248,0.42594,0.088,0,0,0
0.445,-0.097389,0.43046,0.089,0,0,0
0.45,-0.099553,0.43497,0.09,0,0,0
0.455,-0.10174,0.43946,0.091,0,0,0
0.46,-0.10395,0.44395,0.092,0,0,0
0.465,-0.10618,0.44842,0.093,0,0,0
0.47,-0.10843,0.45289,0.094,0,0,0
0.475,-0.11071,0.45734,0.095,0,0,0
0.48,-0.11301,0.46178,0.096,0,0,0
0.485,-0.11533,0.46621,0.097,0,0,0
0.49,-0.11767,0.47063,0.098,0,0,0
0.495,-0.12003,0.47503,0.099,0,0,0
0.5,-0.12242,0.47943,0.1,0,0,0
0.505,-0.12483,0.48381,0.101,0,0,0
0.51,-0.12726,0.48818,0.102,0,0,0
0.515,-0.12971,0.49253,0.103,0,0,0
0.52,-0.13218,0.49688,0.104,0,0,0
0.525,-0.13468,0.50121,0.105,0,0,0
0.53,-0.13719,0.50553,0.106,0,0,0
0.535,-0.13973,0.50984,0.107,0,0,0
0.54,-0.14229,0.51414,0.108,0,0,0
0.545,-0.14487,0.51842,0.109,0,0,0
0.55,-0.14748,0.52269,0.11,0,0,0
0.555,-0.1501,0.52694,0.111,0,0,0
0.56,-0.15274,0.53119,0.112,0,0,0
0.565,-0.15541,0.53542,0.113,0,0,0
0.57,-0.1581,0.53963,0.114,0,0,0
0.575,-0.16081,0.54383,0.115,0,0,0
0.58,-0.16354,0.54802,0.116,0,0,0
0.585,-0.16629,0.5522,0.117,0,0,0
0.59,-0.16906,0.55636,0.118,0,0,0
0.595,-0.17185,0.56051,0.119,0,0,0
0.6,-0.17466,0.56464,0.12,0,0,0
0.605,-0.1775,0.56876,0.121,0,0,0
0.61,-0.18035,0.57287,0.122,0,0,0
0.615,-0.18323,0.57696,0.123,0,0,0
0.62,-0.18612,0.58104,0.124,0,0,0
0.625,-0.18904,0.5851,0.125,0,0,0
0.63,-0.19197,0.58914,0.126,0,0,0
0.635,-0.19493,0.59318,0.127,0,0,0
0.64,-0.1979,0.5972,0.128,0,0,0
0.645,-0.2009,0.6012,0.129,0,0,0
0.65,-0.20392,0.60519,0.13,0,0,0
0.655,-0.20695,0.60916,0.131,0,0,0
0.66,-0.21001,0.61312,0.132,0,0,0
0.665,-0.21308,0.61706,0.133,0,0,0
0.67,-0.21618,0.62099,0.134,0,0,0
0.675,-0.21929,0.6249,0.135,0,0,0
0.68,-0.22243,0.62879,0.136,0,0,0
0.685,-0.22558,0.63267,0.137,0,0,0
0.69,-0.22875,0.63654,0.138,0,0,0
0.695,-0.23195,0.64039,0.139,0,0,0
0.7,-0.23516,0.64422,0.14,0,0,0
0.705,-0.23839,0.64803,0.141,0,0,0
0.71,-0.24164,0.65183,0.142,0,0,0
0.715,-0.24491,0.65562,0.143,0,0,0
0.72,-0.24819,0.65938,0.144,0,0,0
0.725,-0.2515,0.66314,0.145,0,0,0
0.73,-0.25483,0.66687,0.146,0,0,0
0.735,-0.25817,0.67059,0.147,0,0,0
0.74,-0.26153,0.67429,0.148,0,0,0
0.745,-0.26491,0.67797,0.149,0,0,0
0.75,-0.26831,0.68164,0.15,0,0,0
0.755,-0.27173,0.68529,0.151,0,0,0
0.76,-0.27516,0.68892,0.152,0,0,0
0.765,-0.27862,0.69254,0.153,0,0,0
0.77,-0.28209,0.69614,0.154,0,0,0
0.775,-0.28558,0.69972,0.155,0,0,0
0.78,-0.28909,0.70328,0.156,0,0,0
0.785,-0.29261,0.70683,0.157,0,0,0
0.79,-0.29615,0.71035,0.158,0,0,0
0.795,-0.29972,0.71386,0.159,0,0,0
0.8,-0.30329,0.71736,0.16,0,0,0
0.805,-0.30689,0.72083,0.161,0,0,0
0.81,-0.3105,0.72429,0.162,0,0,0
0.815,-0.31413,0.72773,0.163,0,0,0
0.82,-0.31778,0.73115,0.164,0,0,0
0.825,-0.32144,0.73455,0.165,0,0,0
0.83,-0.32512,0.73793,0.166,0,0,0
0.835,-0.32882,0.7413,0.167,0,0,0
0.84,-0.33254,0.74464,0.168,0,0,0
0.845,-0.33627,0.74797,0.169,0,0,0
0.85,-0.34002,0.75128,0.17,0,0,0
0.855,-0.34378,0.75457,0.171,0,0,0
0.86,-0.34756,0.75784,0.172,0,0,0
0.865,-0.35136,0.7611,0.173,0,0,0
0.87,-0.35517,0.76433,0.174,0,0,0
0.875,-0.359,0.76754,0.175,0,0,0
0.88,-0.36285,0.77074,0.176,0,0,0
0.885,-0.36671,0.77391,0.177,0,0,0
0.89,-0.37059,0.77707,0.178,0,0,0
0.895,-0.37448,0.78021,0.179,0,0,0
0.9,-0.37839,0.78333,0.18,0,0,0
0.905,-0.38231,0.78643,0.181,0,0,0
0.91,-0.38625,0.7895,0.182,0,0,0
0.915,-0.39021,0.79256,0.183,0,0,0
0.92,-0.39418,0.7956,0.184,0,0,0
0.925,-0.39817,0.79862,0.185,0,0,0
0.93,-0.40217,0.80162,0.186,0,0,0
0.935,-0.40618,0.8046,0.187,0,0,0
0.94,-0.41021,0.80756,0.188,0,0,0
0.945,-0.41426,0.8105,0.189,0,0,0
0.95,-0.41832,0.81342,0.19,0,0,0
0.955,-0.42239,0.81631,0.191,0,0,0
0.96,-0.42648,0.81919,0.192,0,0,0
0.965,-0.43058,0.82205,0.193,0,0,0
0.97,-0.4347,0.82489,0.194,0,0,0
0.975,-0.43883,0.8277,0.195,0,0,0
0.98,-0.44298,0.8305,0.196,0,0,0
0.985,-0.44714,0.83327,0.197,0,0,0
0.99,-0.45131,0.83603,0.198,0,0,0
0.995,-0.4555,0.83876,0.199,0,0,0
1,-0.4597,0.84147,0.2,0,0,0
1.005,-0.46391,0.84416,0.201,0,0,0
1.01,-0.46814,0.84683,0.202,0,0,0
1.015,-0.47238,0.84948,0.203,0,0,0
1.02,-0.47663,0.85211,0.204,0,0,0
1.025,-0.4809,0.85471,0.205,0,0,0
1.03,-0.48518,0.8573,0.206,0,0,0
1.035,-0.48947,0.85986,0.207,0,0,0
1.04,-0.49378,0.8624,0.208,0,0,0
1.045,-0.4981,0.86492,0.209,0,0,0
1.05,-0.50243,0.86742,0.21,0,0,0
1.055,-0.50677,0.8699,0.211,0,0,0
1.06,-0.51113,0.87236,0.212,0,0,0
1.065,-0.5155,0.87479,0.213,0,0,0
1.07,-0.51988,0.8772,0.214,0,0,0
1.075,-0.52427,0.87959,0.215,0,0,0
1.08,-0.52867,0.88196,0.216,0,0,0
1.085,-0.53309,0.8843,0.217,0,0,0
1.09,-0.53751,0.88663,0.218,0,0,0
1.095,-0.54195,0.88893,0.219,0,0,0
1.1,-0.5464,0.89121,0.22,0,0,0
1.105,-0.55087,0.89346,0.221,0,0,0
1.11,-0.55534,0.8957,0.222,0,0,0
1.115,-0.55982,0.89791,0.223,0,0,0
1.12,-0.56432,0.9001,0.224,0,0,0
1.125,-0.56882,0.90227,0.225,0,0,0
1.13,-0.57334,0.90441,0.226,0,0,0
1.135,-0.57787,0.90653,0.227,0,0,0
1.14,-0.58241,0.90863,0.228,0,0,0
1.145,-0.58695,0.91071,0.229,0,0,0
1.15,-0.59151,0.91276,0.23,0,0,0
1.155,-0.59608,0.91479,0.231,0,0,0
1.16,-0.60066,0.9168,0.232,0,0,0
1.165,-0.60525,0.91879,0.233,0,0,0
1.17,-0.60985,0.92075,0.234,0,0,0
1.175,-0.61446,0.92269,0.235,0,0,0
1.18,-0.61908,0.92461,0.236,0,0,0
1.185,-0.6237,0.9265,0.237,0,0,0
1.19,-0.62834,0.92837,0.238,0,0,0
1.195,-0.63299,0.93022,0.239,0,0,0
1.2,-0.63764,0.93204,0.24,0,0,0
1.205,-0.64231,0.93384,0.241,0,0,0
1.21,-0.64698,0.93562,0.242,0,0,0
1.215,-0.65166,0.93737,0.243,0,0,0
1.22,-0.65635,0.9391,0.244,0,0,0
1.225,-0.66105,0.94081,0.245,0,0,0
1.23,-0.66576,0.94249,0.246,0,0,0
1.235,-0.67048,0.94415,0.247,0,0,0
1.24,-0.6752,0.94578,0.248,0,0,0
1.245,-0.67994,0.9474,0.249,0,0,0
1.25,-0.68468,0.94898,0.25,0,0,0
1.255,-0.68943,0.95055,0.251,0,0,0
1.26,-0.69418,0.95209,0.252,0,0,0
1.265,-0.69895,0.95361,0.253,0,0,0
1.27,-0.70372,0.9551,0.254,0,0,0
1.275,-0.7085,0.95657,0.255,0,0,0
1.28,-0.71328,0.95802,0.256,0,0,0
1.285,-0.71808,0.95944,0.257,0,0,0
1.29,-0.72288,0.96084,0.258,0,0,0
1.295,-0.72769,0.96221,0.259,0,0,0
1.3,-0.7325,0.96356,0.26,0,0,0
1.305,-0.73732,0.96488,0.261,0,0,0
1.31,-0.74215,0.96618,0.262,0,0,0
1.315,-0.74698,0.96746,0.263,0,0,0
1.32,-0.75182,0.96872,0.264,0,0,0
1.325,-0.75667,0.96994,0.265,0,0,0
1.33,-0.76152,0.97115,0.266,0,0,0
1.335,-0.76638,0.97233,0.267,0,0,0
1.34,-0.77125,0.97348,0.268,0,0,0
1.345,-0.77612,0.97462,0.269,0,0,0
1.35,-0.78099,0.97572,0.27,0,0,0
1.355,-0.78587,0.97681,0.271,0,0,0
1.36,-0.79076,0.97786,0.272,0,0,0
1.365,-0.79565,0.9789,0.273,0,0,0
1.37,-0.80055,0.97991,0.274,0,0,0
1.375,-0.80545,0.98089,0.275,0,0,0
1.38,-0.81036,0.98185,0.276,0,0,0
1.385,-0.81527,0.98279,0.277,0,0,0
1.39,-0.82019,0.9837,0.278,0,0,0
1.395,-0.82511,0.98459,0.279,0,0,0
1.4,-0.83003,0.98545,0.28,0,0,0
1.405,-0.83496,0.98629,0.281,0,0,0
1.41,-0.8399,0.9871,0.282,0,0,0
1.415,-0.84483,0.98789,0.283,0,0,0
1.42,-0.84977,0.98865,0.284,0,0,0
1.425,-0.85472,0.98939,0.285,0,0,0
1.43,-0.85967,0.9901,0.286,0,0,0
1.435,-0.86462,0.99079,0.287,0,0,0
1.44,-0.86958,0.99146,0.288,0,0,0
1.445,-0.87454,0.9921,0.289,0,0,0
1.45,-0.8795,0.99271,0.29,0,0,0
1.455,-0.88446,0.9933,0.291,0,0,0
1.46,-0.88943,0.99387,0.292,0,0,0
1.465,-0.8944,0.99441,0.293,0,0,0
1.47,-0.89937,0.99492,0.294,0,0,0
1.475,-0.90435,0.99542,0.295,0,0,0
1.48,-0.90933,0.99588,0.296,0,0,0
1.485,-0.91431,0.99632,0.297,0,0,0
1.49,-0.91929,0.99674,0.298,0,0,0
1.495,-0.92428,0.99713,0.299,0,0,0
1.5,-0.92926,0.99749,0.3,0,0,0
1.505,-0.93425,0.99784,0.301,0,0,0
1.51,-0.93924,0.99815,0.302,0,0,0
1.515,-0.94423,0.99844,0.303,0,0,0
1.52,-0.94923,0.99871,0.304,0,0,0
1.525,-0.95422,0.99895,0.305,0,0,0
1.53,-0.95921,0.99917,0.306,0,0,0
1.535,-0.96421,0.99936,0.307,0,0,0
1.54,-0.96921,0.99953,0.308,0,0,0
1.545,-0.97421,0.99967,0.309,0,0,0
1.55,-0.97921,0.99978,0.31,0,0,0
1.555,-0.9842,0.99988,0.311,0,0,0
1.56,-0.9892,0.99994,0.312,0,0,0
1.565,-0.9942,0.99998,0.313,0,0,0
1.57,-0.9992,1,0.314,0,0,0
1.575,-1.0042,0.99999,0.315,0,0,0
1.58,-1.0092,0.99996,0.316,0,0,0
1.585,-1.0142,0.9999,0.317,0,0,0
1.59,-1.0192,0.99982,0.318,0,0,0
1.595,-1.0242,0.99971,0.319,0,0,0
1.6,-1.0292,0.99957,0.32,0,0,0
1.605,-1.0342,0.99942,0.321,0,0,0
1.61,-1.0392,0.99923,0.322,0,0,0
1.615,-1.0442,0.99902,0.323,0,0,0
1.62,-1.0492,0.99879,0.324,0,0,0
1.625,-1.0542,0.99853,0.325,0,0,0
1.63,-1.0592,0.99825,0.326,0,0,0
1.635,-1.0642,0.99794,0.327,0,0,0
1.64,-1.0691,0.99761,0.328,0,0,0
1.645,-1.0741,0.99725,0.329,0,0,0
1.65,-1.0791,0.99687,0.33,0,0,0
1.655,-1.0841,0.99646,0.331,0,0,0
1.66,-1.0891,0.99602,0.332,0,0,0
1.665,-1.0941,0.99557,0.333,0,0,0
1.67,-1.099,0.99508,0.334,0,0,0
1.675,-1.104,0.99458,0.335,0,0,0
1.68,-1.109,0.99404,0.336,0,0,0
1.685,-1.114,0.99349,0.337,0,0,0
1.69,-1.1189,0.9929,0.338,0,0,0
1.695,-1.1239,0.9923,0.339,0,0,0
1.7,-1.1288,0.99166,0.34,0,0,0
1.705,-1.1338,0.99101,0.341,0,0,0
1.71,-1.1388,0.99033,0.342,0,0,0
1.715,-1.1437,0.98962,0.343,0,0,0
1.72,-1.1487,0.98889,0.344,0,0,0
1.725,-1.1536,0.98813,0.345,0,0,0
1.73,-1.1585,0.98735,0.346,0,0,0
1.735,-1.1635,0.98655,0.347,0,0,0
1.74,-1.1684,0.98572,0.348,0,0,0
1.745,-1.1733,0.98486,0.349,0,0,0
1.75,-1.1782,0.98399,0.35,0,0,0
1.755,-1.1832,0.98308,0.351,0,0,0
1.76,-1.1881,0.98215,0.352,0,0,0
1.765,-1.193,0.9812,0.353,0,0,0
1.77,-1.1979,0.98022,0.354,0,0,0
1.775,-1.2028,0.97922,0.355,0,0,0
1.78,-1.2077,0.9782,0.356,0,0,0
1.785,-1.2126,0.97715,0.357,0,0,0
1.79,-1.2175,0.97607,0.358,0,0,0
1.795,-1.2223,0.97497,0.359,0,0,0
1.8,-1.2272,0.97385,0.36,0,0,0
1.805,-1.2321,0.9727,0.361,0,0,0
1.81,-1.2369,0.97153,0.362,0,0,0
1.815,-1.2418,0.97033,0.363,0,0,0
1.82,-1.2466,0.96911,0.364,0,0,0
1.825,-1.2515,0.96786,0.365,0,0,0
1.83,-1.2563,0.96659,0.366,0,0,0
1.835,-1.2611,0.9653,0.367,0,0,0
1.84,-1.266,0.96398,0.368,0,0,0
1.845,-1.2708,0.96264,0.369,0,0,0
1.85,-1.2756,0.96128,0.37,0,0,0
1.855,-1.2804,0.95989,0.371,0,0,0
1.86,-1.2852,0.95847,0.372,0,0,0
1.865,-1.29,0.95703,0.373,0,0,0
1.87,-1.2948,0.95557,0.374,0,0,0
1.875,-1.2995,0.95409,0.375,0,0,0
1.88,-1.3043,0.95258,0.376,0,0,0
1.885,-1.3091,0.95104,0.377,0,0,0
1.89,-1.3138,0.94949,0.378,0,0,0
1.895,-1.3186,0.9479,0.379,0,0,0
1.9,-1.3233,0.9463,0.38,0,0,0
1.905,-1.328,0.94467,0.381,0,0,0
1.91,-1.3327,0.94302,0.382,0,0,0
1.915,-1.3374,0.94134,0.383,0,0,0
1.92,-1.3421,0.93965,0.384,0,0,0
1.925,-1.3468,0.93792,0.385,0,0,0
1.93,-1.3515,0.93618,0.386,0,0,0
1.935,-1.3562,0.93441,0.387,0,0,0
1.94,-1.3609,0.93262,0.388,0,0,0
1.945,-1.3655,0.9308,0.389,0,0,0
1.95,-1.3702,0.92896,0.39,0,0,0
1.955,-1.3748,0.9271,0.391,0,0,0
1.96,-1.3795,0.92521,0.392,0,0,0
1.965,-1.3841,0.9233,0.393,0,0,0
1.97,-1.3887,0.92137,0.394,0,0,0
1.975,-1.3933,0.91942,0.395,0,0,0
1.98,-1.3979,0.91744,0.396,0,0,0
1.985,-1.4025,0.91544,0.397,0,0,0
1.99,-1.407,0.91341,0.398,0,0,0
1.995,-1.4116,0.91137,0.399,0,0,0
2,-1.4161,0.9093,0.4,0,0,0
2.005,-1.4207,0.90721,0.401,0,0,0
2.01,-1.4252,0.90509,0.402,0,0,0
2.015,-1.4297,0.90295,0.403,0,0,0
2.02,-1.4342,0.90079,0.404,0,0,0
2.025,-1.4387,0.89861,0.405,0,0,0
2.03,-1.4432,0.89641,0.406,0,0,0
2.035,-1.4477,0.89418,0.407,0,0,0
2.04,-1.4522,0.89193,0.408,0,0,0
2.045,-1.4566,0.88966,0.409,0,0,0
2.05,-1.4611,0.88736,0.41,0,0,0
2.055,-1.4655,0.88505,0.411,0,0,0
2.06,-1.4699,0.88271,0.412,0,0,0
2.065,-1.4743,0.88035,0.413,0,0,0
2.07,-1.4787,0.87796,0.414,0,0,0
2.075,-1.4831,0.87556,0.415,0,0,0
2.08,-1.4875,0.87313,0.416,0,0,0
2.085,-1.4918,0.87068,0.417,0,0,0
2.09,-1.4962,0.86821,0.418,0,0,0
2.095,-1.5005,0.86572,0.419,0,0,0
2.1,-1.5048,0.86321,0.42,0,0,0
2.105,-1.5092,0.86067,0.421,0,0,0
2.11,-1.5135,0.85812,0.422,0,0,0
2.115,-1.5177,0.85554,0.423,0,0,0
2.12,-1.522,0.85294,0.424,0,0,0
2.125,-1.5263,0.85032,0.425,0,0,0
2.13,-1.5305,0.84768,0.426,0,0,0
2.135,-1.5347,0.84501,0.427,0,0,0
2.14,-1.539,0.84233,0.428,0,0,0
2.145,-1.5432,0.83963,0.429,0,0,0
2.15,-1.5474,0.8369,0.43,0,0,0
2.155,-1.5515,0.83415,0.431,0,0,0
2.16,-1.5557,0.83138,0.432,0,0,0
2.165,-1.5598,0.82859,0.433,0,0,0
2.17,-1.564,0.82578,0.434,0,0,0
2.175,-1.5681,0.82295,0.435,0,0,0
2.18,-1.5722,0.8201,0.436,0,0,0
2.185,-1.5763,0.81723,0.437,0,0,0
2.19,-1.5804,0.81434,0.438,0,0,0
2.195,-1.5845,0.81143,0.439,0,0,0
2.2,-1.5885,0.8085,0.44,0,0,0
2.205,-1.5925,0.80554,0.441,0,0,0
2.21,-1.5966,0.80257,0.442,0,0,0
2.215,-1.6006,0.79958,0.443,0,0,0
2.22,-1.6046,0.79657,0.444,0,0,0
2.225,-1.6085,0.79353,0.445,0,0,0
2.23,-1.6125,0.79048,0.446,0,0,0
2.235,-1.6164,0.78741,0.447,0,0,0
2.24,-1.6204,0.78432,0.448,0,0,0
2.245,-1.6243,0.7812,0.449,0,0,0
2.25,-1.6282,0.77807,0.45,0,0,0
2.255,-1.6321,0.77492,0.451,0,0,0
2.26,-1.6359,0.77175,0.452,0,0,0
2.265,-1.6398,0.76856,0.453,0,0,0
2.27,-1.6436,0.76535,0.454,0,0,0
2.275,-1.6474,0.76213,0.455,0,0,0
2.28,-1.6512,0.75888,0.456,0,0,0
2.285,-1.655,0.75562,0.457,0,0,0
2.29,-1.6588,0.75233,0.458,0,0,0
2.295,-1.6625,0.74903,0.459,0,0,0
2.3,-1.6663,0.74571,0.46,0,0,0
2.305,-1.67,0.74236,0.461,0,0,0
2.31,-1.6737,0.73901,0.462,0,0,0
2.315,-1.6774,0.73563,0.463,0,0,0
2.32,-1.6811,0.73223,0.464,0,0,0
2.325,-1.6847,0.72882,0.465,0,0,0
2.33,-1.6883,0.72538,0.466,0,0,0
2.335,-1.692,0.72193,0.467,0,0,0
2.34,-1.6956,0.71846,0.468,0,0,0
2.345,-1.6991,0.71498,0.469,0,0,0
2.35,-1.7027,0.71147,0.47,0,0,0
2.355,-1.7063,0.70795,0.471,0,0,0
2.36,-1.7098,0.70441,0.472,0,0,0
2.365,-1.7133,0.70085,0.473,0,0,0
2.37,-1.7168,0.69728,0.474,0,0,0
2.375,-1.7203,0.69369,0.475,0,0,0
2.38,-1.7237,0.69007,0.476,0,0,0
2.385,-1.7272,0.68645,0.477,0,0,0
2.39,-1.7306,0.6828,0.478,0,0,0
2.395,-1.734,0.67914,0.479,0,0,0
2.4,-1.7374,0.67546,0.48,0,0,0
2.405,-1.7408,0.67177,0.481,0,0,0
2.41,-1.7441,0.66806,0.482,0,0,0
2.415,-1.7474,0.66433,0.483,0,0,0
2.42,-1.7508,0.66058,0.484,0,0,0
2.425,-1.754,0.65682,0.485,0,0,0
2.43,-1.7573,0.65304,0.486,0,0,0
2.435,-1.7606,0.64925,0.487,0,0,0
2.44,-1.7638,0.64543,0.488,0,0,0
2.445,-1.767,0.64161,0.489,0,0,0
2.45,-1.7702,0.63776,0.49,0,0,0
2.455,-1.7734,0.63391,0.491,0,0,0
2.46,-1.7766,0.63003,0.492,0,0,0
2.465,-1.7797,0.62614,0.493,0,0,0
2.47,-1.7828,0.62223,0.494,0,0,0
2.475,-1.7859,0.61831,0.495,0,0,0
2.48,-1.789,0.61437,0.496,0,0,0
2.485,-1.7921,0.61042,0.497,0,0,0
2.49,-1.7951,0.60645,0.498,0,0,0
2.495,-1.7981,0.60247,0.499,0,0,0
2.5,-1.8011,0.59847,0.5,0,0,0
2.505,-1.8041,0.59446,0.501,0,0,0
2.51,-1.8071,0.59043,0.502,0,0,0
2.515,-1.81,0.58639,0.503,0,0,0
2.52,-1.813,0.58233,0.504,0,0,0
2.525,-1.8159,0.57826,0.505,0,0,0
2.53,-1.8187,0.57417,0.506,0,0,0
2.535,-1.8216,0.57007,0.507,0,0,0
2.54,-1.8244,0.56596,0.508,0,0,0
2.545,-1.8273,0.56183,0.509,0,0,0
2.55,-1.8301,0.55768,0.51,0,0,0
2.555,-1.8328,0.55353,0.511,0,0,0
2.56,-1.8356,0.54936,0.512,0,0,0
2.565,-1.8383,0.54517,0.513,0,0,0
2.57,-1.841,0.54097,0.514,0,0,0
2.575,-1.8437,0.53676,0.515,0,0,0
2.58,-1.8464,0.53253,0.516,0,0,0
2.585,-1.8491,0.5283,0.517,0,0,0
2.59,-1.8517,0.52404,0.518,0,0,0
2.595,-1.8543,0.51978,0.519,0,0,0
2.6,-1.8569,0.5155,0.52,0,0,0
2.605,-1.8595,0.51121,0.521,0,0,0
2.61,-1.862,0.50691,0.522,0,0,0
2.615,-1.8645,0.50259,0.523,0,0,0
2.62,-1.867,0.49826,0.524,0,0,0
2.625,-1.8695,0.49392,0.525,0,0,0
2.63,-1.872,0.48957,0.526,0,0,0
2.635,-1.8744,0.4852,0.527,0,0,0
2.64,-1.8768,0.48082,0.528,0,0,0
2.645,-1.8792,0.47643,0.529,0,0,0
2.65,-1.8816,0.47203,0.53,0,0,0
2.655,-1.8839,0.46762,0.531,0,0,0
2.66,-1.8863,0.46319,0.532,0,0,0
2.665,-1.8886,0.45875,0.533,0,0,0
2.67,-1.8908,0.45431,0.534,0,0,0
2.675,-1.8931,0.44985,0.535,0,0,0
2.68,-1.8953,0.44537,0.536,0,0,0
2.685,-1.8976,0.44089,0.537,0,0,0
2.69,-1.8998,0.4364,0.538,0,0,0
2.695,-1.9019,0.43189,0.539,0,0,0
2.7,-1.9041,0.42738,0.54,0,0,0
2.705,-1.9062,0.42285,0.541,0,0,0
2.71,-1.9083,0.41832,0.542,0,0,0
2.715,-1.9104,0.41377,0.543,0,0,0
2.72,-1.9124,0.40921,0.544,0,0,0
2.725,-1.9145,0.40465,0.545,0,0,0
2.73,-1.9165,0.40007,0.546,0,0,0
2.735,-1.9185,0.39548,0.547,0,0,0
2.74,-1.9204,0.39088,0.548,0,0,0
2.745,-1.9224,0.38628,0.549,0,0,0
2.75,-1.9243,0.38166,0.55,0,0,0
2.755,-1.9262,0.37703,0.551,0,0,0
2.76,-1.9281,0.3724,0.552,0,0,0
2.765,-1.9299,0.36775,0.553,0,0,0
2.77,-1.9318,0.3631,0.554,0,0,0
2.775,-1.9336,0.35844,0.555,0,0,0
2.78,-1.9353,0.35376,0.556,0,0,0
2.785,-1.9371,0.34908,0.557,0,0,0
2.79,-1.9388,0.34439,0.558,0,0,0
2.795,-1.9405,0.3397,0.559,0,0,0
2.8,-1.9422,0.33499,0.56,0,0,0
2.805,-1.9439,0.33027,0.561,0,0,0
2.81,-1.9455,0.32555,0.562,0,0,0
2.815,-1.9471,0.32082,0.563,0,0,0
2.82,-1.9487,0.31608,0.564,0,0,0
2.825,-1.9503,0.31133,0.565,0,0,0
2.83,-1.9518,0.30657,0.566,0,0,0
2.835,-1.9534,0.30181,0.567,0,0,0
2.84,-1.9549,0.29704,0.568,0,0,0
2.845,-1.9563,0.29226,0.569,0,0,0
2.85,-1.9578,0.28748,0.57,0,0,0
2.855,-1.9592,0.28269,0.571,0,0,0
2.86,-1.9606,0.27789,0.572,0,0,0
2.865,-1.962,0.27308,0.573,0,0,0
2.87,-1.9633,0.26827,0.574,0,0,0
2.875,-1.9647,0.26345,0.575,0,0,0
2.88,-1.966,0.25862,0.576,0,0,0
2.885,-1.9673,0.25379,0.577,0,0,0
2.89,-1.9685,0.24895,0.578,0,0,0
2.895,-1.9697,0.2441,0.579,0,0,0
2.9,-1.971,0.23925,0.58,0,0,0
2.905,-1.9721,0.23439,0.581,0,0,0
2.91,-1.9733,0.22953,0.582,0,0,0
2.915,-1.9744,0.22466,0.583,0,0,0
2.92,-1.9755,0.21978,0.584,0,0,0
2.925,-1.9766,0.2149,0.585,0,0,0
2.93,-1.9777,0.21002,0.586,0,0,0
2.935,-1.9787,0.20513,0.587,0,0,0
2.94,-1.9797,0.20023,0.588,0,0,0
2.945,-1.9807,0.19533,0.589,0,0,0
2.95,-1.9817,0.19042,0.59,0,0,0
2.955,-1.9826,0.18551,0.591,0,0,0
2.96,-1.9836,0.1806,0.592,0,0,0
2.965,-1.9844,0.17568,0.593,0,0,0
2.97,-1.9853,0.17075,0.594,0,0,0
2.975,-1.9862,0.16582,0.595,0,0,0
2.98,-1.987,0.16089,0.596,0,0,0
2.985,-1.9878,0.15595,0.597,0,0,0
2.99,-1.9885,0.15101,0.598,0,0,0
2.995,-1.9893,0.14607,0.599,0,0,0
3,-1.99,0.14112,0.6,0,0,0
3.005,-1.9907,0.13617,0.601,0,0,0
3.01,-1.9914,0.13121,0.602,0,0,0
3.015,-1.992,0.12625,0.603,0,0,0
3.02,-1.9926,0.12129,0.604,0,0,0
3.025,-1.9932,0.11633,0.605,0,0,0
3.03,-1.9938,0.11136,0.606,0,0,0
3.035,-1.9943,0.10639,0.607,0,0,0
3.04,-1.9948,0.10142,0.608,0,0,0
3.045,-1.9953,0.096443,0.609,0,0,0
3.05,-1.9958,0.091465,0.61,0,0,0
3.055,-1.9963,0.086484,0.611,0,0,0
3.06,-1.9967,0.081502,0.612,0,0,0
3.065,-1.9971,0.076518,0.613,0,0,0
3.07,-1.9974,0.071532,0.614,0,0,0
3.075,-1.9978,0.066543,0.615,0,0,0
3.08,-1.9981,0.061554,0.616,0,0,0
3.085,-1.9984,0.056562,0.617,0,0,0
3.09,-1.9987,0.05157,0.618,0,0,0
3.095,-1.9989,0.046576,0.619,0,0,0
3.1,-1.9991,0.041581,0.62,0,0,0
3.105,-1.9993,0.036584,0.621,0,0,0
3.11,-1.9995,0.031587,0.622,0,0,0
3.115,-1.9996,0.02659,0.623,0,0,0
3.12,-1.9998,0.021591,0.624,0,0,0
3.125,-1.9999,0.016592,0.625,0,0,0
3.13,-1.9999,0.011592,0.626,0,0,0
3.135,-2,0.0065926,0.627,0,0,0
3.14,-2,0.0015927,0.628,0,0,0
3.145,-2,-0.0034073,0.629,0,0,0
3.15,-2,-0.0084072,0.63,0,0,0
3.155,-1.9999,-0.013407,0.631,0,0,0
3.16,-1.9998,-0.018406,0.632,0,0,0
3.165,-1.9997,-0.023405,0.633,0,0,0
3.17,-1.9996,-0.028404,0.634,0,0,0
3.175,-1.9994,-0.033401,0.635,0,0,0
3.18,-1.9993,-0.038398,0.636,0,0,0
3.185,-1.9991,-0.043394,0.637,0,0,0
3.19,-1.9988,-0.048388,0.638,0,0,0
3.195,-1.9986,-0.053382,0.639,0,0,0
3.2,-1.9983,-0.058374,0.64,0,0,0
3.205,-1.998,-0.063365,0.641,0,0,0
3.21,-1.9977,-0.068354,0.642,0,0,0
3.215,-1.9973,-0.073341,0.643,0,0,0
3.22,-1.9969,-0.078327,0.644,0,0,0
3.225,-1.9965,-0.083311,0.645,0,0,0
3.23,-1.9961,-0.088292,0.646,0,0,0
3.235,-1.9956,-0.093272,0.647,0,0,0
3.24,-1.9952,-0.098249,0.648,0,0,0
3.245,-1.9947,-0.10322,0.649,0,0,0
3.25,-1.9941,-0.1082,0.65,0,0,0
3.255,-1.9936,-0.11316,0.651,0,0,0
3.26,-1.993,-0.11813,0.652,0,0,0
3.265,-1.9924,-0.12309,0.653,0,0,0
3.27,-1.9918,-0.12805,0.654,0,0,0
3.275,-1.9911,-0.13301,0.655,0,0,0
3.28,-1.9904,-0.13797,0.656,0,0,0
3.285,-1.9897,-0.14292,0.657,0,0,0
3.29,-1.989,-0.14786,0.658,0,0,0
3.295,-1.9883,-0.15281,0.659,0,0,0
3.3,-1.9875,-0.15775,0.66,0,0,0
3.305,-1.9867,-0.16268,0.661,0,0,0
3.31,-1.9859,-0.16761,0.662,0,0,0
3.315,-1.985,-0.17254,0.663,0,0,0
3.32,-1.9841,-0.17746,0.664,0,0,0
3.325,-1.9832,-0.18238,0.665,0,0,0
3.33,-1.9823,-0.18729,0.666,0,0,0
3.335,-1.9814,-0.1922,0.667,0,0,0
3.34,-1.9804,-0.19711,0.668,0,0,0
3.345,-1.9794,-0.20201,0.669,0,0,0
3.35,-1.9784,-0.2069,0.67,0,0,0
3.355,-1.9773,-0.21179,0.671,0,0,0
3.36,-1.9762,-0.21668,0.672,0,0,0
3.365,-1.9751,-0.22155,0.673,0,0,0
3.37,-1.974,-0.22643,0.674,0,0,0
3.375,-1.9729,-0.23129,0.675,0,0,0
3.38,-1.9717,-0.23616,0.676,0,0,0
3.385,-1.9705,-0.24101,0.677,0,0,0
3.39,-1.9693,-0.24586,0.678,0,0,0
3.395,-1.9681,-0.2507,0.679,0,0,0
3.4,-1.9668,-0.25554,0.68,0,0,0
3.405,-1.9655,-0.26037,0.681,0,0,0
3.41,-1.9642,-0.2652,0.682,0,0,0
3.415,-1.9629,-0.27001,0.683,0,0,0
3.42,-1.9615,-0.27482,0.684,0,0,0
3.425,-1.9601,-0.27963,0.685,0,0,0
3.43,-1.9587,-0.28443,0.686,0,0,0
3.435,-1.9573,-0.28922,0.687,0,0,0
3.44,-1.9558,-0.294,0.688,0,0,0
3.445,-1.9543,-0.29877,0.689,0,0,0
3.45,-1.9528,-0.30354,0.69,0,0,0
3.455,-1.9513,-0.3083,0.691,0,0,0
3.46,-1.9497,-0.31305,0.692,0,0,0
3.465,-1.9482,-0.3178,0.693,0,0,0
3.47,-1.9466,-0.32254,0.694,0,0,0
3.475,-1.9449,-0.32726,0.695,0,0,0
3.48,-1.9433,-0.33199,0.696,0,0,0
3.485,-1.9416,-0.3367,0.697,0,0,0
3.49,-1.9399,-0.3414,0.698,0,0,0
3.495,-1.9382,-0.3461,0.699,0,0,0
3.5,-1.9365,-0.35078,0.7,0,0,0
3.505,-1.9347,-0.35546,0.701,0,0,0
3.51,-1.9329,-0.36013,0.702,0,0,0
3.515,-1.9311,-0.36479,0.703,0,0,0
3.52,-1.9293,-0.36944,0.704,0,0,0
3.525,-1.9274,-0.37408,0.705,0,0,0
3.53,-1.9255,-0.37871,0.706,0,0,0
3.535,-1.9236,-0.38334,0.707,0,0,0
3.54,-1.9217,-0.38795,0.708,0,0,0
3.545,-1.9197,-0.39255,0.709,0,0,0
3.55,-1.9178,-0.39715,0.71,0,0,0
3.555,-1.9158,-0.40173,0.711,0,0,0
3.56,-1.9137,-0.40631,0.712,0,0,0
3.565,-1.9117,-0.41087,0.713,0,0,0
3.57,-1.9096,-0.41542,0.714,0,0,0
3.575,-1.9075,-0.41997,0.715,0,0,0
3.58,-1.9054,-0.4245,0.716,0,0,0
3.585,-1.9033,-0.42902,0.717,0,0,0
3.59,-1.9011,-0.43353,0.718,0,0,0
3.595,-1.899,-0.43803,0.719,0,0,0
3.6,-1.8968,-0.44252,0.72,0,0,0
3.605,-1.8945,-0.447,0.721,0,0,0
3.61,-1.8923,-0.45147,0.722,0,0,0
3.615,-1.89,-0.45592,0.723,0,0,0
3.62,-1.8877,-0.46037,0.724,0,0,0
3.625,-1.8854,-0.4648,0.725,0,0,0
3.63,-1.8831,-0.46922,0.726,0,0,0
3.635,-1.8807,-0.47363,0.727,0,0,0
3.64,-1.8783,-0.47803,0.728,0,0,0
3.645,-1.8759,-0.48241,0.729,0,0,0
3.65,-1.8735,-0.48679,0.73,0,0,0
3.655,-1.8711,-0.49115,0.731,0,0,0
3.66,-1.8686,-0.4955,0.732,0,0,0
3.665,-1.8661,-0.49983,0.733,0,0,0
3.67,-1.8636,-0.50416,0.734,0,0,0
3.675,-1.8611,-0.50847,0.735,0,0,0
3.68,-1.8585,-0.51277,0.736,0,0,0
3.685,-1.856,-0.51706,0.737,0,0,0
3.69,-1.8534,-0.52133,0.738,0,0,0
3.695,-1.8507,-0.52559,0.739,0,0,0
3.7,-1.8481,-0.52984,0.74,0,0,0
3.705,-1.8454,-0.53407,0.741,0,0,0
3.71,-1.8428,-0.53829,0.742,0,0,0
3.715,-1.8401,-0.5425,0.743,0,0,0
3.72,-1.8373,-0.54669,0.744,0,0,0
3.725,-1.8346,-0.55087,0.745,0,0,0
3.73,-1.8318,-0.55504,0.746,0,0,0
3.735,-1.829,-0.55919,0.747,0,0,0
3.74,-1.8262,-0.56333,0.748,0,0,0
3.745,-1.8234,-0.56745,0.749,0,0,0
3.75,-1.8206,-0.57156,0.75,0,0,0
3.755,-1.8177,-0.57566,0.751,0,0,0
3.76,-1.8148,-0.57974,0.752,0,0,0
3.765,-1.8119,-0.5838,0.753,0,0,0
3.77,-1.809,-0.58786,0.754,0,0,0
3.775,-1.806,-0.59189,0.755,0,0,0
3.78,-1.803,-0.59592,0.756,0,0,0
3.785,-1.8001,-0.59992,0.757,0,0,0
3.79,-1.797,-0.60392,0.758,0,0,0
3.795,-1.794,-0.6079,0.759,0,0,0
3.8,-1.791,-0.61186,0.76,0,0,0
3.805,-1.7879,-0.61581,0.761,0,0,0
3.81,-1.7848,-0.61974,0.762,0,0,0
3.815,-1.7817,-0.62365,0.763,0,0,0
3.82,-1.7786,-0.62755,0.764,0,0,0
3.825,-1.7754,-0.63144,0.765,0,0,0
3.83,-1.7723,-0.63531,0.766,0,0,0
3.835,-1.7691,-0.63916,0.767,0,0,0
3.84,-1.7659,-0.643,0.768,0,0,0
3.845,-1.7626,-0.64682,0.769,0,0,0
3.85,-1.7594,-0.65063,0.77,0,0,0
3.855,-1.7561,-0.65441,0.771,0,0,0
3.86,-1.7529,-0.65819,0.772,0,0,0
3.865,-1.7496,-0.66194,0.773,0,0,0
3.87,-1.7462,-0.66568,0.774,0,0,0
3.875,-1.7429,-0.6694,0.775,0,0,0
3.88,-1.7395,-0.67311,0.776,0,0,0
3.885,-1.7362,-0.6768,0.777,0,0,0
3.89,-1.7328,-0.68047,0.778,0,0,0
3.895,-1.7294,-0.68413,0.779,0,0,0
3.9,-1.7259,-0.68777,0.78,0,0,0
3.905,-1.7225,-0.69139,0.781,0,0,0
3.91,-1.719,-0.69499,0.782,0,0,0
3.915,-1.7155,-0.69858,0.783,0,0,0
3.92,-1.712,-0.70215,0.784,0,0,0
3.925,-1.7085,-0.7057,0.785,0,0,0
3.93,-1.705,-0.70923,0.786,0,0,0
3.935,-1.7014,-0.71275,0.787,0,0,0
3.94,-1.6978,-0.71625,0.788,0,0,0
3.945,-1.6943,-0.71973,0.789,0,0,0
3.95,-1.6907,-0.72319,0.79,0,0,0
3.955,-1.687,-0.72663,0.791,0,0,0
3.96,-1.6834,-0.73006,0.792,0,0,0
3.965,-1.6797,-0.73347,0.793,0,0,0
3.97,-1.6761,-0.73686,0.794,0,0,0
3.975,-1.6724,-0.74023,0.795,0,0,0
3.98,-1.6686,-0.74358,0.796,0,0,0
3.985,-1.6649,-0.74691,0.797,0,0,0
3.99,-1.6612,-0.75023,0.798,0,0,0
3.995,-1.6574,-0.75352,0.799,0,0,0
4,-1.6536,-0.7568,0.8,0,0,0
4.005,-1.6499,-0.76006,0.801,0,0,0
4.01,-1.646,-0.7633,0.802,0,0,0
4.015,-1.6422,-0.76652,0.803,0,0,0
4.02,-1.6384,-0.76972,0.804,0,0,0
4.025,-1.6345,-0.77291,0.805,0,0,0
4.03,-1.6306,-0.77607,0.806,0,0,0
4.035,-1.6268,-0.77921,0.807,0,0,0
4.04,-1.6229,-0.78234,0.808,0,0,0
4.045,-1.6189,-0.78544,0.809,0,0,0
4.05,-1.615,-0.78853,0.81,0,0,0
4.055,-1.6111,-0.79159,0.811,0,0,0
4.06,-1.6071,-0.79464,0.812,0,0,0
4.065,-1.6031,-0.79766,0.813,0,0,0
4.07,-1.5991,-0.80067,0.814,0,0,0
4.075,-1.5951,-0.80365,0.815,0,0,0
4.08,-1.5911,-0.80662,0.816,0,0,0
4.085,-1.587,-0.80956,0.817,0,0,0
4.09,-1.583,-0.81249,0.818,0,0,0
4.095,-1.5789,-0.81539,0.819,0,0,0
4.1,-1.5748,-0.81828,0.82,0,0,0
4.105,-1.5707,-0.82114,0.821,0,0,0
4.11,-1.5666,-0.82398,0.822,0,0,0
4.115,-1.5625,-0.82681,0.823,0,0,0
4.12,-1.5583,-0.82961,0.824,0,0,0
4.125,-1.5542,-0.83239,0.825,0,0,0
4.13,-1.55,-0.83515,0.826,0,0,0
4.135,-1.5458,-0.83789,0.827,0,0,0
4.14,-1.5416,-0.84061,0.828,0,0,0
4.145,-1.5374,-0.84331,0.829,0,0,0
4.15,-1.5332,-0.84598,0.83,0,0,0
4.155,-1.529,-0.84864,0.831,0,0,0
4.16,-1.5247,-0.85127,0.832,0,0,0
4.165,-1.5205,-0.85389,0.833,0,0,0
4.17,-1.5162,-0.85648,0.834,0,0,0
4.175,-1.5119,-0.85905,0.835,0,0,0
4.18,-1.5076,-0.8616,0.836,0,0,0
4.185,-1.5033,-0.86412,0.837,0,0,0
4.19,-1.499,-0.86663,0.838,0,0,0
4.195,-1.4946,-0.86911,0.839,0,0,0
4.2,-1.4903,-0.87158,0.84,0,0,0
4.205,-1.4859,-0.87402,0.841,0,0,0
4.21,-1.4815,-0.87643,0.842,0,0,0
4.215,-1.4771,-0.87883,0.843,0,0,0
4.22,-1.4727,-0.88121,0.844,0,0,0
4.225,-1.4683,-0.88356,0.845,0,0,0
4.23,-1.4639,-0.88589,0.846,0,0,0
4.235,-1.4595,-0.8882,0.847,0,0,0
4.24,-1.455,-0.89048,0.848,0,0,0
4.245,-1.4506,-0.89275,0.849,0,0,0
4.25,-1.4461,-0.89499,0.85,0,0,0
4.255,-1.4416,-0.89721,0.851,0,0,0
4.26,-1.4371,-0.89941,0.852,0,0,0
4.265,-1.4326,-0.90158,0.853,0,0,0
4.27,-1.4281,-0.90373,0.854,0,0,0
4.275,-1.4236,-0.90586,0.855,0,0,0
4.28,-1.419,-0.90797,0.856,0,0,0
4.285,-1.4145,-0.91005,0.857,0,0,0
4.29,-1.4099,-0.91211,0.858,0,0,0
4.295,-1.4054,-0.91415,0.859,0,0,0
4.3,-1.4008,-0.91617,0.86,0,0,0
4.305,-1.3962,-0.91816,0.861,0,0,0
4.31,-1.3916,-0.92013,0.862,0,0,0
4.315,-1.387,-0.92207,0.863,0,0,0
4.32,-1.3824,-0.924,0.864,0,0,0
4.325,-1.3778,-0.9259,0.865,0,0,0
4.33,-1.3731,-0.92778,0.866,0,0,0
4.335,-1.3685,-0.92963,0.867,0,0,0
4.34,-1.3638,-0.93146,0.868,0,0,0
4.345,-1.3592,-0.93327,0.869,0,0,0
4.35,-1.3545,-0.93505,0.87,0,0,0
4.355,-1.3498,-0.93681,0.871,0,0,0
4.36,-1.3451,-0.93855,0.872,0,0,0
4.365,-1.3404,-0.94026,0.873,0,0,0
4.37,-1.3357,-0.94196,0.874,0,0,0
4.375,-1.331,-0.94362,0.875,0,0,0
4.38,-1.3263,-0.94527,0.876,0,0,0
4.385,-1.3216,-0.94689,0.877,0,0,0
4.39,-1.3168,-0.94848,0.878,0,0,0
4.395,-1.3121,-0.95005,0.879,0,0,0
4.4,-1.3073,-0.9516,0.88,0,0,0
4.405,-1.3026,-0.95313,0.881,0,0,0
4.41,-1.2978,-0.95463,0.882,0,0,0
4.415,-1.293,-0.9561,0.883,0,0,0
4.42,-1.2882,-0.95756,0.884,0,0,0
4.425,-1.2834,-0.95899,0.885,0,0,0
4.43,-1.2787,-0.96039,0.886,0,0,0
4.435,-1.2738,-0.96177,0.887,0,0,0
4.44,-1.269,-0.96313,0.888,0,0,0
4.445,-1.2642,-0.96446,0.889,0,0,0
4.45,-1.2594,-0.96577,0.89,0,0,0
4.455,-1.2546,-0.96706,0.891,0,0,0
4.46,-1.2497,-0.96832,0.892,0,0,0
4.465,-1.2449,-0.96956,0.893,0,0,0
4.47,-1.24,-0.97077,0.894,0,0,0
4.475,-1.2352,-0.97196,0.895,0,0,0
4.48,-1.2303,-0.97312,0.896,0,0,0
4.485,-1.2254,-0.97426,0.897,0,0,0
4.49,-1.2206,-0.97537,0.898,0,0,0
4.495,-1.2157,-0.97646,0.899,0,0,0
4.5,-1.2108,-0.97753,0.9,0,0,0
4.505,-1.2059,-0.97857,0.901,0,0,0
4.51,-1.201,-0.97959,0.902,0,0,0
4.515,-1.1961,-0.98058,0.903,0,0,0
4.52,-1.1912,-0.98155,0.904,0,0,0
4.525,-1.1863,-0.98249,0.905,0,0,0
4.53,-1.1814,-0.98341,0.906,0,0,0
4.535,-1.1765,-0.98431,0.907,0,0,0
4.54,-1.1715,-0.98518,0.908,0,0,0
4.545,-1.1666,-0.98602,0.909,0,0,0
4.55,-1.1617,-0.98684,0.91,0,0,0
4.555,-1.1567,-0.98764,0.911,0,0,0
4.56,-1.1518,-0.98841,0.912,0,0,0
4.565,-1.1469,-0.98916,0.913,0,0,0
4.57,-1.1419,-0.98988,0.914,0,0,0
4.575,-1.137,-0.99058,0.915,0,0,0
4.58,-1.132,-0.99125,0.916,0,0,0
4.585,-1.127,-0.9919,0.917,0,0,0
4.59,-1.1221,-0.99252,0.918,0,0,0
4.595,-1.1171,-0.99312,0.919,0,0,0
4.6,-1.1122,-0.99369,0.92,0,0,0
4.605,-1.1072,-0.99424,0.921,0,0,0
4.61,-1.1022,-0.99476,0.922,0,0,0
4.615,-1.0972,-0.99526,0.923,0,0,0
4.62,-1.0923,-0.99574,0.924,0,0,0
4.625,-1.0873,-0.99618,0.925,0,0,0
4.63,-1.0823,-0.99661,0.926,0,0,0
4.635,-1.0773,-0.99701,0.927,0,0,0
4.64,-1.0723,-0.99738,0.928,0,0,0
4.645,-1.0673,-0.99773,0.929,0,0,0
4.65,-1.0623,-0.99805,0.93,0,0,0
4.655,-1.0574,-0.99835,0.931,0,0,0
4.66,-1.0524,-0.99863,0.932,0,0,0
4.665,-1.0474,-0.99888,0.933,0,0,0
4.67,-1.0424,-0.9991,0.934,0,0,0
4.675,-1.0374,-0.9993,0.935,0,0,0
4.68,-1.0324,-0.99948,0.936,0,0,0
4.685,-1.0274,-0.99962,0.937,0,0,0
4.69,-1.0224,-0.99975,0.938,0,0,0
4.695,-1.0174,-0.99985,0.939,0,0,0
4.7,-1.0124,-0.99992,0.94,0,0,0
4.705,-1.0074,-0.99997,0.941,0,0,0
4.71,-1.0024,-1,0.942,0,0,0
4.715,-0.99739,-1,0.943,0,0,0
4.72,-0.99239,-0.99997,0.944,0,0,0
4.725,-0.98739,-0.99992,0.945,0,0,0
4.73,-0.98239,-0.99984,0.946,0,0,0
4.735,-0.97739,-0.99974,0.947,0,0,0
4.74,-0.97239,-0.99962,0.948,0,0,0
4.745,-0.96739,-0.99947,0.949,0,0,0
4.75,-0.9624,-0.99929,0.95,0,0,0
4.755,-0.9574,-0.99909,0.951,0,0,0
4.76,-0.95241,-0.99887,0.952,0,0,0
4.765,-0.94741,-0.99862,0.953,0,0,0
4.77,-0.94242,-0.99834,0.954,0,0,0
4.775,-0.93743,-0.99804,0.955,0,0,0
4.78,-0.93244,-0.99772,0.956,0,0,0
4.785,-0.92745,-0.99736,0.957,0,0,0
4.79,-0.92247,-0.99699,0.958,0,0,0
4.795,-0.91748,-0.99659,0.959,0,0,0
4.8,-0.9125,-0.99616,0.96,0,0,0
4.805,-0.90752,-0.99571,0.961,0,0,0
4.81,-0.90254,-0.99524,0.962,0,0,0
4.815,-0.89757,-0.99474,0.963,0,0,0
4.82,-0.8926,-0.99422,0.964,0,0,0
4.825,-0.88763,-0.99367,0.965,0,0,0
4.83,-0.88266,-0.99309,0.966,0,0,0
4.835,-0.8777,-0.99249,0.967,0,0,0
4.84,-0.87274,-0.99187,0.968,0,0,0
4.845,-0.86778,-0.99122,0.969,0,0,0
4.85,-0.86282,-0.99055,0.97,0,0,0
4.855,-0.85787,-0.98985,0.971,0,0,0
4.86,-0.85292,-0.98913,0.972,0,0,0
4.865,-0.84798,-0.98838,0.973,0,0,0
4.87,-0.84304,-0.98761,0.974,0,0,0
4.875,-0.8381,-0.98681,0.975,0,0,0
4.88,-0.83317,-0.98599,0.976,0,0,0
4.885,-0.82824,-0.98514,0.977,0,0,0
4.89,-0.82332,-0.98427,0.978,0,0,0
4.895,-0.8184,-0.98337,0.979,0,0,0
4.9,-0.81349,-0.98245,0.98,0,0,0
4.905,-0.80858,-0.98151,0.981,0,0,0
4.91,-0.80367,-0.98054,0.982,0,0,0
4.915,-0.79877,-0.97954,0.983,0,0,0
4.92,-0.79388,-0.97853,0.984,0,0,0
4.925,-0.78899,-0.97748,0.985,0,0,0
4.93,-0.7841,-0.97642,0.986,0,0,0
4.935,-0.77922,-0.97532,0.987,0,0,0
4.94,-0.77435,-0.97421,0.988,0,0,0
4.945,-0.76948,-0.97307,0.989,0,0,0
4.95,-0.76462,-0.9719,0.99,0,0,0
4.955,-0.75976,-0.97071,0.991,0,0,0
4.96,-0.75491,-0.9695,0.992,0,0,0
4.965,-0.75007,-0.96826,0.993,0,0,0
4.97,-0.74523,-0.967,0.994,0,0,0
4.975,-0.7404,-0.96572,0.995,0,0,0
4.98,-0.73557,-0.96441,0.996,0,0,0
4.985,-0.73075,-0.96307,0.997,0,0,0
4.99,-0.72594,-0.96171,0.998,0,0,0
4.995,-0.72114,-0.96033,0.999,0,0,0
5,-0.71634,-0.95892,1,0,0,0
5.005,-0.71155,-0.95749,1.001,0,0,0
5.01,-0.70676,-0.95604,1.002,0,0,0
5.015,-0.70199,-0.95456,1.003,0,0,0
5.02,-0.69722,-0.95306,1.004,0,0,0
5.025,-0.69246,-0.95153,1.005,0,0,0
5.03,-0.6877,-0.94998,1.006,0,0,0
5.035,-0.68296,-0.94841,1.007,0,0,0
5.04,-0.67822,-0.94681,1.008,0,0,0
5.045,-0.67349,-0.94519,1.009,0,0,0
5.05,-0.66877,-0.94355,1.01,0,0,0
5.055,-0.66405,-0.94188,1.011,0,0,0
5.06,-0.65935,-0.94019,1.012,0,0,0
5.065,-0.65465,-0.93847,1.013,0,0,0
5.07,-0.64996,-0.93674,1.014,0,0,0
5.075,-0.64528,-0.93497,1.015,0,0,0
5.08,-0.64061,-0.93319,1.016,0,0,0
5.085,-0.63595,-0.93138,1.017,0,0,0
5.09,-0.6313,-0.92955,1.018,0,0,0
5.095,-0.62666,-0.92769,1.019,0,0,0
5.1,-0.62202,-0.92581,1.02,0,0,0
5.105,-0.6174,-0.92391,1.021,0,0,0
5.11,-0.61278,-0.92199,1.022,0,0,0
5.115,-0.60818,-0.92004,1.023,0,0,0
5.12,-0.60358,-0.91807,1.024,0,0,0
5.125,-0.599,-0.91608,1.025,0,0,0
5.13,-0.59442,-0.91406,1.026,0,0,0
5.135,-0.58986,-0.91202,1.027,0,0,0
5.14,-0.5853,-0.90996,1.028,0,0,0
5.145,-0.58076,-0.90787,1.029,0,0,0
5.15,-0.57622,-0.90577,1.03,0,0,0
5.155,-0.5717,-0.90364,1.031,0,0,0
5.16,-0.56719,-0.90148,1.032,0,0,0
5.165,-0.56268,-0.89931,1.033,0,0,0
5.17,-0.55819,-0.89711,1.034,0,0,0
5.175,-0.55371,-0.89489,1.035,0,0,0
5.18,-0.54924,-0.89265,1.036,0,0,0
5.185,-0.54479,-0.89038,1.037,0,0,0
5.19,-0.54034,-0.8881,1.038,0,0,0
5.195,-0.53591,-0.88579,1.039,0,0,0
5.2,-0.53148,-0.88345,1.04,0,0,0
5.205,-0.52707,-0.8811,1.041,0,0,0
5.21,-0.52267,-0.87873,1.042,0,0,0
5.215,-0.51828,-0.87633,1.043,0,0,0
5.22,-0.51391,-0.87391,1.044,0,0,0
5.225,-0.50955,-0.87147,1.045,0,0,0
5.23,-0.50519,-0.869,1.046,0,0,0
5.235,-0.50086,-0.86652,1.047,0,0,0
5.24,-0.49653,-0.86401,1.048,0,0,0
5.245,-0.49222,-0.86148,1.049,0,0,0
5.25,-0.48791,-0.85893,1.05,0,0,0
5.255,-0.48363,-0.85636,1.051,0,0,0
5.26,-0.47935,-0.85377,1.052,0,0,0
5.265,-0.47509,-0.85116,1.053,0,0,0
5.27,-0.47084,-0.84852,1.054,0,0,0
5.275,-0.4666,-0.84587,1.055,0,0,0
5.28,-0.46238,-0.84319,1.056,0,0,0
5.285,-0.45817,-0.84049,1.057,0,0,0
5.29,-0.45398,-0.83777,1.058,0,0,0
5.295,-0.44979,-0.83503,1.059,0,0,0
5.3,-0.44563,-0.83227,1.06,0,0,0
5.305,-0.44147,-0.82949,1.061,0,0,0
5.31,-0.43733,-0.82668,1.062,0,0,0
5.315,-0.4332,-0.82386,1.063,0,0,0
5.32,-0.42909,-0.82101,1.064,0,0,0
5.325,-0.42499,-0.81815,1.065,0,0,0
5.33,-0.42091,-0.81526,1.066,0,0,0
5.335,-0.41684,-0.81236,1.067,0,0,0
5.34,-0.41279,-0.80943,1.068,0,0,0
5.345,-0.40875,-0.80649,1.069,0,0,0
5.35,-0.40472,-0.80352,1.07,0,0,0
5.355,-0.40071,-0.80053,1.071,0,0,0
5.36,-0.39672,-0.79753,1.072,0,0,0
5.365,-0.39274,-0.7945,1.073,0,0,0
5.37,-0.38877,-0.79145,1.074,0,0,0
5.375,-0.38482,-0.78839,1.075,0,0,0
5.38,-0.38089,-0.7853,1.076,0,0,0
5.385,-0.37697,-0.7822,1.077,0,0,0
5.39,-0.37307,-0.77907,1.078,0,0,0
5.395,-0.36918,-0.77593,1.079,0,0,0
5.4,-0.36531,-0.77276,1.08,0,0,0
5.405,-0.36145,-0.76958,1.081,0,0,0
5.41,-0.35761,-0.76638,1.082,0,0,0
5.415,-0.35379,-0.76316,1.083,0,0,0
5.42,-0.34998,-0.75992,1.084,0,0,0
5.425,-0.34619,-0.75666,1.085,0,0,0
5.43,-0.34241,-0.75338,1.086,0,0,0
5.435,-0.33865,-0.75008,1.087,0,0,0
5.44,-0.33491,-0.74677,1.088,0,0,0
5.445,-0.33119,-0.74343,1.089,0,0,0
5.45,-0.32748,-0.74008,1.09,0,0,0
5.455,-0.32379,-0.73671,1.091,0,0,0
5.46,-0.32011,-0.73332,1.092,0,0,0
5.465,-0.31645,-0.72991,1.093,0,0,0
5.47,-0.31281,-0.72648,1.094,0,0,0
5.475,-0.30919,-0.72303,1.095,0,0,0
5.48,-0.30558,-0.71957,1.096,0,0,0
5.485,-0.30199,-0.71609,1.097,0,0,0
5.49,-0.29842,-0.71259,1.098,0,0,0
5.495,-0.29487,-0.70907,1.099,0,0,0
5.5,-0.29133,-0.70554,1.1,0,0,0
5.505,-0.28781,-0.70199,1.101,0,0,0
5.51,-0.28431,-0.69842,1.102,0,0,0
5.515,-0.28083,-0.69483,1.103,0,0,0
5.52,-0.27736,-0.69123,1.104,0,0,0
5.525,-0.27392,-0.6876,1.105,0,0,0
5.53,-0.27049,-0.68397,1.106,0,0,0
5.535,-0.26708,-0.68031,1.107,0,0,0
5.54,-0.26368,-0.67664,1.108,0,0,0
5.545,-0.26031,-0.67295,1.109,0,0,0
5.55,-0.25695,-0.66924,1.11,0,0,0
5.555,-0.25362,-0.66552,1.111,0,0,0
5.56,-0.2503,-0.66178,1.112,0,0,0
5.565,-0.247,-0.65802,1.113,0,0,0
5.57,-0.24372,-0.65425,1.114,0,0,0
5.575,-0.24046,-0.65046,1.115,0,0,0
5.58,-0.23721,-0.64665,1.116,0,0,0
5.585,-0.23399,-0.64283,1.117,0,0,0
5.59,-0.23079,-0.63899,1.118,0,0,0
5.595,-0.2276,-0.63514,1.119,0,0,0
5.6,-0.22443,-0.63127,1.12,0,0,0
5.605,-0.22129,-0.62738,1.121,0,0,0
5.61,-0.21816,-0.62348,1.122,0,0,0
5.615,-0.21505,-0.61956,1.123,0,0,0
5.62,-0.21196,-0.61563,1.124,0,0,0
5.625,-0.2089,-0.61168,1.125,0,0,0
5.63,-0.20585,-0.60772,1.126,0,0,0
5.635,-0.20282,-0.60374,1.127,0,0,0
5.64,-0.19981,-0.59975,1.128,0,0,0
5.645,-0.19682,-0.59574,1.129,0,0,0
5.65,-0.19385,-0.59172,1.13,0,0,0
5.655,-0.1909,-0.58768,1.131,0,0,0
5.66,-0.18798,-0.58362,1.132,0,0,0
5.665,-0.18507,-0.57956,1.133,0,0,0
5.67,-0.18218,-0.57548,1.134,0,0,0
5.675,-0.17931,-0.57138,1.135,0,0,0
5.68,-0.17647,-0.56727,1.136,0,0,0
5.685,-0.17364,-0.56314,1.137,0,0,0
5.69,-0.17084,-0.559,1.138,0,0,0
5.695,-0.16805,-0.55485,1.139,0,0,0
5.7,-0.16529,-0.55069,1.14,0,0,0
5.705,-0.16254,-0.54651,1.141,0,0,0
5.71,-0.15982,-0.54231,1.142,0,0,0
5.715,-0.15712,-0.5381,1.143,0,0,0
5.72,-0.15444,-0.53388,1.144,0,0,0
5.725,-0.15178,-0.52965,1.145,0,0,0
5.73,-0.14914,-0.5254,1.146,0,0,0
5.735,-0.14653,-0.52114,1.147,0,0,0
5.74,-0.14393,-0.51687,1.148,0,0,0
5.745,-0.14136,-0.51258,1.149,0,0,0
5.75,-0.13881,-0.50828,1.15,0,0,0
5.755,-0.13628,-0.50397,1.151,0,0,0
5.76,-0.13377,-0.49964,1.152,0,0,0
5.765,-0.13128,-0.4953,1.153,0,0,0
5.77,-0.12881,-0.49095,1.154,0,0,0
5.775,-0.12637,-0.48659,1.155,0,0,0
5.78,-0.12395,-0.48222,1.156,0,0,0
5.785,-0.12155,-0.47783,1.157,0,0,0
5.79,-0.11917,-0.47343,1.158,0,0,0
5.795,-0.11681,-0.46902,1.159,0,0,0
5.8,-0.11448,-0.4646,1.16,0,0,0
5.805,-0.11217,-0.46017,1.161,0,0,0
5.81,-0.10988,-0.45572,1.162,0,0,0
5.815,-0.10761,-0.45127,1.163,0,0,0
5.82,-0.10537,-0.4468,1.164,0,0,0
5.825,-0.10314,-0.44232,1.165,0,0,0
5.83,-0.10094,-0.43783,1.166,0,0,0
5.835,-0.098765,-0.43333,1.167,0,0,0
5.84,-0.09661,-0.42882,1.168,0,0,0
5.845,-0.094477,-0.4243,1.169,0,0,0
5.85,-0.092367,-0.41976,1.17,0,0,0
5.855,-0.090279,-0.41522,1.171,0,0,0
5.86,-0.088215,-0.41067,1.172,0,0,0
5.865,-0.086173,-0.4061,1.173,0,0,0
5.87,-0.084154,-0.40153,1.174,0,0,0
5.875,-0.082157,-0.39694,1.175,0,0,0
5.88,-0.080184,-0.39235,1.176,0,0,0
5.885,-0.078234,-0.38775,1.177,0,0,0
5.89,-0.076307,-0.38313,1.178,0,0,0
5.895,-0.074403,-0.37851,1.179,0,0,0
5.9,-0.072522,-0.37388,1.18,0,0,0
5.905,-0.070664,-0.36923,1.181,0,0,0
5.91,-0.068829,-0.36458,1.182,0,0,0
5.915,-0.067018,-0.35992,1.183,0,0,0
5.92,-0.06523,-0.35525,1.184,0,0,0
5.925,-0.063465,-0.35058,1.185,0,0,0
5.93,-0.061724,-0.34589,1.186,0,0,0
5.935,-0.060007,-0.34119,1.187,0,0,0
5.94,-0.058312,-0.33649,1.188,0,0,0
5.945,-0.056642,-0.33178,1.189,0,0,0
5.95,-0.054995,-0.32705,1.19,0,0,0
5.955,-0.053371,-0.32233,1.191,0,0,0
5.96,-0.051771,-0.31759,1.192,0,0,0
5.965,-0.050195,-0.31284,1.193,0,0,0
5.97,-0.048643,-0.30809,1.194,0,0,0
5.975,-0.047114,-0.30333,1.195,0,0,0
5.98,-0.04561,-0.29856,1.196,0,0,0
5.985,-0.044129,-0.29379,1.197,0,0,0
5.99,-0.042672,-0.289,1.198,0,0,0
5.995,-0.041239,-0.28421,1.199,0,0,0
6,-0.03983,-0.27942,1.2,0,0,0
6.005,-0.038445,-0.27461,1.201,0,0,0
6.01,-0.037084,-0.2698,1.202,0,0,0
6.015,-0.035747,-0.26498,1.203,0,0,0
6.02,-0.034434,-0.26016,1.204,0,0,0
6.025,-0.033145,-0.25533,1.205,0,0,0
6.03,-0.031881,-0.25049,1.206,0,0,0
6.035,-0.03064,-0.24565,1.207,0,0,0
6.04,-0.029424,-0.2408,1.208,0,0,0
6.045,-0.028232,-0.23594,1.209,0,0,0
6.05,-0.027065,-0.23108,1.21,0,0,0
6.055,-0.025921,-0.22621,1.211,0,0,0
6.06,-0.024803,-0.22134,1.212,0,0,0
6.065,-0.023708,-0.21646,1.213,0,0,0
6.07,-0.022638,-0.21157,1.214,0,0,0
6.075,-0.021592,-0.20668,1.215,0,0,0
6.08,-0.020571,-0.20179,1.216,0,0,0
6.085,-0.019575,-0.19689,1.217,0,0,0
6.09,-0.018602,-0.19199,1.218,0,0,0
6.095,-0.017655,-0.18708,1.219,0,0,0
6.1,-0.016732,-0.18216,1.22,0,0,0
6.105,-0.015833,-0.17724,1.221,0,0,0
6.11,-0.014959,-0.17232,1.222,0,0,0
6.115,-0.01411,-0.16739,1.223,0,0,0
6.12,-0.013285,-0.16246,1.224,0,0,0
6.125,-0.012485,-0.15753,1.225,0,0,0
6.13,-0.01171,-0.15259,1.226,0,0,0
6.135,-0.010959,-0.14764,1.227,0,0,0
6.14,-0.010234,-0.1427,1.228,0,0,0
6.145,-0.0095324,-0.13775,1.229,0,0,0
6.15,-0.0088561,-0.13279,1.23,0,0,0
6.155,-0.0082045,-0.12783,1.231,0,0,0
6.16,-0.0075777,-0.12287,1.232,0,0,0
6.165,-0.0069758,-0.11791,1.233,0,0,0
6.17,-0.0063986,-0.11294,1.234,0,0,0
6.175,-0.0058463,-0.10797,1.235,0,0,0
6.18,-0.0053189,-0.103,1.236,0,0,0
6.185,-0.0048163,-0.098028,1.237,0,0,0
6.19,-0.0043386,-0.093051,1.238,0,0,0
6.195,-0.0038858,-0.088071,1.239,0,0,0
6.2,-0.0034579,-0.083089,1.24,0,0,0
6.205,-0.0030549,-0.078106,1.241,0,0,0
6.21,-0.0026768,-0.07312,1.242,0,0,0
6.215,-0.0023237,-0.068132,1.243,0,0,0
6.22,-0.0019955,-0.063143,1.244,0,0,0
6.225,-0.0016923,-0.058152,1.245,0,0,0
6.23,-0.001414,-0.05316,1.246,0,0,0
6.235,-0.0011607,-0.048167,1.247,0,0,0
6.24,-0.00093234,-0.043172,1.248,0,0,0
6.245,-0.00072897,-0.038176,1.249,0,0,0
6.25,-0.00055058,-0.033179,1.25,0,0,0
6.255,-0.00039718,-0.028182,1.251,0,0,0
6.26,-0.00026877,-0.023183,1.252,0,0,0
6.265,-0.00016535,-0.018184,1.253,0,0,0
6.27,-8.6925e-05,-0.013185,1.254,0,0,0
6.275,-3.3499e-05,-0.0081852,1.255,0,0,0
6.28,-5.0731e-06,-0.0031853,1.256,0,0,0
