0,-1,0,-9.8066,0,0,0
0.005,-0.99999,-0.005,-9.8066,0,0,0
0.01,-0.99995,-0.0099998,-9.8066,0,0,0
0.015,-0.99989,-0.014999,-9.8066,0,0,0
0.02,-0.9998,-0.019999,-9.8066,0,0,0
0.025,-0.99969,-0.024997,-9.8066,0,0,0
0.03,-0.99955,-0.029996,-9.8066,0,0,0
0.035,-0.99939,-0.034993,-9.8066,0,0,0
0.04,-0.9992,-0.039989,-9.8066,0,0,0
0.045,-0.99899,-0.044985,-9.8066,0,0,0
0.05,-0.99875,-0.049979,-9.8066,0,0,0
0.055,-0.99849,-0.054972,-9.8066,0,0,0
0.06,-0.9982,-0.059964,-9.8066,0,0,0
0.065,-0.99789,-0.064954,-9.8066,0,0,0
0.07,-0.99755,-0.069943,-9.8066,0,0,0
0.075,-0.99719,-0.07493,-9.8066,0,0,0
0.08,-0.9968,-0.079915,-9.8066,0,0,0
0.085,-0.99639,-0.084898,-9.8066,0,0,0
0.09,-0.99595,-0.089879,-9.8066,0,0,0
0.095,-0.99549,-0.094857,-9.8066,0,0,0
0.1,-0.995,-0.099833,-9.8066,0,0,0
0.105,-0.99449,-0.10481,-9.8066,0,0,0
0.11,-0.99396,-0.10978,-9.8066,0,0,0
0.115,-0.99339,-0.11475,-9.8066,0,0,0
0.12,-0.99281,-0.11971,-9.8066,0,0,0
0.125,-0.9922,-0.12467,-9.8066,0,0,0
0.13,-0.99156,-0.12963,-9.8066,0,0,0
0.135,-0.9909,-0.13459,-9.8066,0,0,0
0.14,-0.99022,-0.13954,-9.8066,0,0,0
0.145,-0.98951,-0.14449,-9.8066,0,0,0
0.15,-0.98877,-0.14944,-9.8066,0,0,0
0.155,-0.98801,-0.15438,-9.8066,0,0,0
0.16,-0.98723,-0.15932,-9.8066,0,0,0
0.165,-0.98642,-0.16425,-9.8066,0,0,0
0.17,-0.98558,-0.16918,-9.8066,0,0,0
0.175,-0.98473,-0.17411,-9.8066,0,0,0
0.18,-0.98384,-0.17903,-9.8066,0,0,0
0.185,-0.98294,-0.18395,-9.8066,0,0,0
0.19,-0.982,-0.18886,-9.8066,0,0,0
0.195,-0.98105,-0.19377,-9.8066,0,0,0
0.2,-0.98007,-0.19867,-9.8066,0,0,0
0.205,-0.97906,-0.20357,-9.8066,0,0,0
0.21,-0.97803,-0.20846,-9.8066,0,0,0
0.215,-0.97698,-0.21335,-9.8066,0,0,0
0.22,-0.9759,-0.21823,-9.8066,0,0,0
0.225,-0.97479,-0.22311,-9.8066,0,0,0
0.23,-0.97367,-0.22798,-9.8066,0,0,0
0.235,-0.97251,-0.23284,-9.8066,0,0,0
0.24,-0.97134,-0.2377,-9.8066,0,0,0
0.245,-0.97014,-0.24256,-9.8066,0,0,0
0.25,-0.96891,-0.2474,-9.8066,0,0,0
0.255,-0.96766,-0.25225,-9.8066,0,0,0
0.26,-0.96639,-0.25708,-9.8066,0,0,0
0.265,-0.96509,-0.26191,-9.8066,0,0,0
0.27,-0.96377,-0.26673,-9.8066,0,0,0
0.275,-0.96243,-0.27155,-9.8066,0,0,0
0.28,-0.96106,-0.27636,-9.8066,0,0,0
0.285,-0.95966,-0.28116,-9.8066,0,0,0
0.29,-0.95824,-0.28595,-9.8066,0,0,0
0.295,-0.9568,-0.29074,-9.8066,0,0,0
0.3,-0.95534,-0.29552,-9.8066,0,0,0
0.305,-0.95385,-0.30029,-9.8066,0,0,0
0.31,-0.95233,-0.30506,-9.8066,0,0,0
0.315,-0.9508,-0.30982,-9.8066,0,0,0
0.32,-0.94924,-0.31457,-9.8066,0,0,0
0.325,-0.94765,-0.31931,-9.8066,0,0,0
0.33,-0.94604,-0.32404,-9.8066,0,0,0
0.335,-0.94441,-0.32877,-9.8066,0,0,0
0.34,-0.94275,-0.33349,-9.8066,0,0,0
0.345,-0.94108,-0.3382,-9.8066,0,0,0
0.35,-0.93937,-0.3429,-9.8066,0,0,0
0.355,-0.93765,-0.34759,-9.8066,0,0,0
0.36,-0.9359,-0.35227,-9.8066,0,0,0
0.365,-0.93412,-0.35695,-9.8066,0,0,0
0.37,-0.93233,-0.36162,-9.8066,0,0,0
0.375,-0.93051,-0.36627,-9.8066,0,0,0
0.38,-0.92866,-0.37092,-9.8066,0,0,0
0.385,-0.9268,-0.37556,-9.8066,0,0,0
0.39,-0.92491,-0.38019,-9.8066,0,0,0
0.395,-0.923,-0.38481,-9.8066,0,0,0
0.4,-0.92106,-0.38942,-9.8066,0,0,0
0.405,-0.9191,-0.39402,-9.8066,0,0,0
0.41,-0.91712,-0.39861,-9.8066,0,0,0
0.415,-0.91512,-0.40319,-9.8066,0,0,0
0.42,-0.91309,-0.40776,-9.8066,0,0,0
0.425,-0.91104,-0.41232,-9.8066,0,0,0
0.43,-0.90897,-0.41687,-9.8066,0,0,0
0.435,-0.90687,-0.42141,-9.8066,0,0,0
0.44,-0.90475,-0.42594,-9.8066,0,0,0
0.445,-0.90261,-0.43046,-9.8066,0,0,0
0.45,-0.90045,-0.43497,-9.8066,0,0,0
0.455,-0.89826,-0.43946,-9.8066,0,0,0
0.46,-0.89605,-0.44395,-9.8066,0,0,0
0.465,-0.89382,-0.44842,-9.8066,0,0,0
0.47,-0.89157,-0.45289,-9.8066,0,0,0
0.475,-0.88929,-0.45734,-9.8066,0,0,0
0.48,-0.88699,-0.46178,-9.8066,0,0,0
0.485,-0.88467,-0.46621,-9.8066,0,0,0
0.49,-0.88233,-0.47063,-9.8066,0,0,0
0.495,-0.87997,-0.47503,-9.8066,0,0,0
0.5,-0.87758,-0.47943,-9.8066,0,0,0
0.505,-0.87517,-0.48381,-9.8066,0,0,0
0.51,-0.87274,-0.48818,-9.8066,0,0,0
0.515,-0.87029,-0.49253,-9.8066,0,0,0
0.52,-0.86782,-0.49688,-9.8066,0,0,0
0.525,-0.86532,-0.50121,-9.8066,0,0,0
0.53,-0.86281,-0.50553,-9.8066,0,0,0
0.535,-0.86027,-0.50984,-9.8066,0,0,0
0.54,-0.85771,-0.51414,-9.8066,0,0,0
0.545,-0.85513,-0.51842,-9.8066,0,0,0
0.55,-0.85252,-0.52269,-9.8066,0,0,0
0.555,-0.8499,-0.52694,-9.8066,0,0,0
0.56,-0.84726,-0.53119,-9.8066,0,0,0
0.565,-0.84459,-0.53542,-9.8066,0,0,0
0.57,-0.8419,-0.53963,-9.8066,0,0,0
0.575,-0.83919,-0.54383,-9.8066,0,0,0
0.58,-0.83646,-0.54802,-9.8066,0,0,0
0.585,-0.83371,-0.5522,-9.8066,0,0,0
0.59,-0.83094,-0.55636,-9.8066,0,0,0
0.595,-0.82815,-0.56051,-9.8066,0,0,0
0.6,-0.82534,-0.56464,-9.8066,0,0,0
0.605,-0.8225,-0.56876,-9.8066,0,0,0
0.61,-0.81965,-0.57287,-9.8066,0,0,0
0.615,-0.81677,-0.57696,-9.8066,0,0,0
0.62,-0.81388,-0.58104,-9.8066,0,0,0
0.625,-0.81096,-0.5851,-9.8066,0,0,0
0.63,-0.80803,-0.58914,-9.8066,0,0,0
0.635,-0.80507,-0.59318,-9.8066,0,0,0
0.64,-0.8021,-0.5972,-9.8066,0,0,0
0.645,-0.7991,-0.6012,-9.8066,0,0,0
0.65,-0.79608,-0.60519,-9.8066,0,0,0
0.655,-0.79305,-0.60916,-9.8066,0,0,0
0.66,-0.78999,-0.61312,-9.8066,0,0,0
0.665,-0.78692,-0.61706,-9.8066,0,0,0
0.67,-0.78382,-0.62099,-9.8066,0,0,0
0.675,-0.78071,-0.6249,-9.8066,0,0,0
0.68,-0.77757,-0.62879,-9.8066,0,0,0
0.685,-0.77442,-0.63267,-9.8066,0,0,0
0.69,-0.77125,-0.63654,-9.8066,0,0,0
0.695,-0.76805,-0.64039,-9.8066,0,0,0
0.7,-0.76484,-0.64422,-9.8066,0,0,0
0.705,-0.76161,-0.64803,-9.8066,0,0,0
0.71,-0.75836,-0.65183,-9.8066,0,0,0
0.715,-0.75509,-0.65562,-9.8066,0,0,0
0.72,-0.75181,-0.65938,-9.8066,0,0,0
0.725,-0.7485,-0.66314,-9.8066,0,0,0
0.73,-0.74517,-0.66687,-9.8066,0,0,0
0.735,-0.74183,-0.67059,-9.8066,0,0,0
0.74,-0.73847,-0.67429,-9.8066,0,0,0
0.745,-0.73509,-0.67797,-9.8066,0,0,0
0.75,-0.73169,-0.68164,-9.8066,0,0,0
0.755,-0.72827,-0.68529,-9.8066,0,0,0
0.76,-0.72484,-0.68892,-9.8066,0,0,0
0.765,-0.72138,-0.69254,-9.8066,0,0,0
0.77,-0.71791,-0.69614,-9.8066,0,0,0
0.775,-0.71442,-0.69972,-9.8066,0,0,0
0.78,-0.71091,-0.70328,-9.8066,0,0,0
0.785,-0.70739,-0.70683,-9.8066,0,0,0
0.79,-0.70385,-0.71035,-9.8066,0,0,0
0.795,-0.70028,-0.71386,-9.8066,0,0,0
0.8,-0.69671,-0.71736,-9.8066,0,0,0
0.805,-0.69311,-0.72083,-9.8066,0,0,0
0.81,-0.6895,-0.72429,-9.8066,0,0,0
0.815,-0.68587,-0.72773,-9.8066,0,0,0
0.82,-0.68222,-0.73115,-9.8066,0,0,0
0.825,-0.67856,-0.73455,-9.8066,0,0,0
0.83,-0.67488,-0.73793,-9.8066,0,0,0
0.835,-0.67118,-0.7413,-9.8066,0,0,0
0.84,-0.66746,-0.74464,-9.8066,0,0,0
0.845,-0.66373,-0.74797,-9.8066,0,0,0
0.85,-0.65998,-0.75128,-9.8066,0,0,0
0.855,-0.65622,-0.75457,-9.8066,0,0,0
0.86,-0.65244,-0.75784,-9.8066,0,0,0
0.865,-0.64864,-0.7611,-9.8066,0,0,0
0.87,-0.64483,-0.76433,-9.8066,0,0,0
0.875,-0.641,-0.76754,-9.8066,0,0,0
0.88,-0.63715,-0.77074,-9.8066,0,0,0
0.885,-0.63329,-0.77391,-9.8066,0,0,0
0.89,-0.62941,-0.77707,-9.8066,0,0,0
0.895,-0.62552,-0.78021,-9.8066,0,0,0
0.9,-0.62161,-0.78333,-9.8066,0,0,0
0.905,-0.61769,-0.78643,-9.8066,0,0,0
0.91,-0.61375,-0.7895,-9.8066,0,0,0
0.915,-0.60979,-0.79256,-9.8066,0,0,0
0.92,-0.60582,-0.7956,-9.8066,0,0,0
0.925,-0.60183,-0.79862,-9.8066,0,0,0
0.93,-0.59783,-0.80162,-9.8066,0,0,0
0.935,-0.59382,-0.8046,-9.8066,0,0,0
0.94,-0.58979,-0.80756,-9.8066,0,0,0
0.945,-0.58574,-0.8105,-9.8066,0,0,0
0.95,-0.58168,-0.81342,-9.8066,0,0,0
0.955,-0.57761,-0.81631,-9.8066,0,0,0
0.96,-0.57352,-0.81919,-9.8066,0,0,0
0.965,-0.56942,-0.82205,-9.8066,0,0,0
0.97,-0.5653,-0.82489,-9.8066,0,0,0
0.975,-0.56117,-0.8277,-9.8066,0,0,0
0.98,-0.55702,-0.8305,-9.8066,0,0,0
0.985,-0.55286,-0.83327,-9.8066,0,0,0
0.99,-0.54869,-0.83603,-9.8066,0,0,0
0.995,-0.5445,-0.83876,-9.8066,0,0,0
1,-0.5403,-0.84147,-9.8066,0,0,0
1.005,-0.53609,-0.84416,-9.8066,0,0,0
1.01,-0.53186,-0.84683,-9.8066,0,0,0
1.015,-0.52762,-0.84948,-9.8066,0,0,0
1.02,-0.52337,-0.85211,-9.8066,0,0,0
1.025,-0.5191,-0.85471,-9.8066,0,0,0
1.03,-0.51482,-0.8573,-9.8066,0,0,0
1.035,-0.51053,-0.85986,-9.8066,0,0,0
1.04,-0.50622,-0.8624,-9.8066,0,0,0
1.045,-0.5019,-0.86492,-9.8066,0,0,0
1.05,-0.49757,-0.86742,-9.8066,0,0,0
1.055,-0.49323,-0.8699,-9.8066,0,0,0
1.06,-0.48887,-0.87236,-9.8066,0,0,0
1.065,-0.4845,-0.87479,-9.8066,0,0,0
1.07,-0.48012,-0.8772,-9.8066,0,0,0
1.075,-0.47573,-0.87959,-9.8066,0,0,0
1.08,-0.47133,-0.88196,-9.8066,0,0,0
1.085,-0.46691,-0.8843,-9.8066,0,0,0
1.09,-0.46249,-0.88663,-9.8066,0,0,0
1.095,-0.45805,-0.88893,-9.8066,0,0,0
1.1,-0.4536,-0.89121,-9.8066,0,0,0
1.105,-0.44913,-0.89346,-9.8066,0,0,0
1.11,-0.44466,-0.8957,-9.8066,0,0,0
1.115,-0.44018,-0.89791,-9.8066,0,0,0
1.12,-0.43568,-0.9001,-9.8066,0,0,0
1.125,-0.43118,-0.90227,-9.8066,0,0,0
1.13,-0.42666,-0.90441,-9.8066,0,0,0
1.135,-0.42213,-0.90653,-9.8066,0,0,0
1.14,-0.41759,-0.90863,-9.8066,0,0,0
1.145,-0.41305,-0.91071,-9.8066,0,0,0
1.15,-0.40849,-0.91276,-9.8066,0,0,0
1.155,-0.40392,-0.91479,-9.8066,0,0,0
1.16,-0.39934,-0.9168,-9.8066,0,0,0
1.165,-0.39475,-0.91879,-9.8066,0,0,0
1.17,-0.39015,-0.92075,-9.8066,0,0,0
1.175,-0.38554,-0.92269,-9.8066,0,0,0
1.18,-0.38092,-0.92461,-9.8066,0,0,0
1.185,-0.3763,-0.9265,-9.8066,0,0,0
1.19,-0.37166,-0.92837,-9.8066,0,0,0
1.195,-0.36701,-0.93022,-9.8066,0,0,0
1.2,-0.36236,-0.93204,-9.8066,0,0,0
1.205,-0.35769,-0.93384,-9.8066,0,0,0
1.21,-0.35302,-0.93562,-9.8066,0,0,0
1.215,-0.34834,-0.93737,-9.8066,0,0,0
1.22,-0.34365,-0.9391,-9.8066,0,0,0
1.225,-0.33895,-0.94081,-9.8066,0,0,0
1.23,-0.33424,-0.94249,-9.8066,0,0,0
1.235,-0.32952,-0.94415,-9.8066,0,0,0
1.24,-0.3248,-0.94578,-9.8066,0,0,0
1.245,-0.32006,-0.9474,-9.8066,0,0,0
1.25,-0.31532,-0.94898,-9.8066,0,0,0
1.255,-0.31057,-0.95055,-9.8066,0,0,0
1.26,-0.30582,-0.95209,-9.8066,0,0,0
1.265,-0.30105,-0.95361,-9.8066,0,0,0
1.27,-0.29628,-0.9551,-9.8066,0,0,0
1.275,-0.2915,-0.95657,-9.8066,0,0,0
1.28,-0.28672,-0.95802,-9.8066,0,0,0
1.285,-0.28192,-0.95944,-9.8066,0,0,0
1.29,-0.27712,-0.96084,-9.8066,0,0,0
1.295,-0.27231,-0.96221,-9.8066,0,0,0
1.3,-0.2675,-0.96356,-9.8066,0,0,0
1.305,-0.26268,-0.96488,-9.8066,0,0,0
1.31,-0.25785,-0.96618,-9.8066,0,0,0
1.315,-0.25302,-0.96746,-9.8066,0,0,0
1.32,-0.24818,-0.96872,-9.8066,0,0,0
1.325,-0.24333,-0.96994,-9.8066,0,0,0
1.33,-0.23848,-0.97115,-9.8066,0,0,0
1.335,-0.23362,-0.97233,-9.8066,0,0,0
1.34,-0.22875,-0.97348,-9.8066,0,0,0
1.345,-0.22388,-0.97462,-9.8066,0,0,0
1.35,-0.21901,-0.97572,-9.8066,0,0,0
1.355,-0.21413,-0.97681,-9.8066,0,0,0
1.36,-0.20924,-0.97786,-9.8066,0,0,0
1.365,-0.20435,-0.9789,-9.8066,0,0,0
1.37,-0.19945,-0.97991,-9.8066,0,0,0
1.375,-0.19455,-0.98089,-9.8066,0,0,0
1.38,-0.18964,-0.98185,-9.8066,0,0,0
1.385,-0.18473,-0.98279,-9.8066,0,0,0
1.39,-0.17981,-0.9837,-9.8066,0,0,0
1.395,-0.17489,-0.98459,-9.8066,0,0,0
1.4,-0.16997,-0.98545,-9.8066,0,0,0
1.405,-0.16504,-0.98629,-9.8066,0,0,0
1.41,-0.1601,-0.9871,-9.8066,0,0,0
1.415,-0.15517,-0.98789,-9.8066,0,0,0
1.42,-0.15023,-0.98865,-9.8066,0,0,0
1.425,-0.14528,-0.98939,-9.8066,0,0,0
1.43,-0.14033,-0.9901,-9.8066,0,0,0
1.435,-0.13538,-0.99079,-9.8066,0,0,0
1.44,-0.13042,-0.99146,-9.8066,0,0,0
1.445,-0.12546,-0.9921,-9.8066,0,0,0
1.45,-0.1205,-0.99271,-9.8066,0,0,0
1.455,-0.11554,-0.9933,-9.8066,0,0,0
1.46,-0.11057,-0.99387,-9.8066,0,0,0
1.465,-0.1056,-0.99441,-9.8066,0,0,0
1.47,-0.10063,-0.99492,-9.8066,0,0,0
1.475,-0.09565,-0.99542,-9.8066,0,0,0
1.48,-0.090672,-0.99588,-9.8066,0,0,0
1.485,-0.085691,-0.99632,-9.8066,0,0,0
1.49,-0.080708,-0.99674,-9.8066,0,0,0
1.495,-0.075724,-0.99713,-9.8066,0,0,0
1.5,-0.070737,-0.99749,-9.8066,0,0,0
1.505,-0.065749,-0.99784,-9.8066,0,0,0
1.51,-0.060759,-0.99815,-9.8066,0,0,0
1.515,-0.055767,-0.99844,-9.8066,0,0,0
1.52,-0.050774,-0.99871,-9.8066,0,0,0
1.525,-0.04578,-0.99895,-9.8066,0,0,0
1.53,-0.040785,-0.99917,-9.8066,0,0,0
1.535,-0.035789,-0.99936,-9.8066,0,0,0
1.54,-0.030791,-0.99953,-9.8066,0,0,0
1.545,-0.025793,-0.99967,-9.8066,0,0,0
1.55,-0.020795,-0.99978,-9.8066,0,0,0
1.555,-0.015796,-0.99988,-9.8066,0,0,0
1.56,-0.010796,-0.99994,-9.8066,0,0,0
1.565,-0.0057963,-0.99998,-9.8066,0,0,0
1.57,-0.00079633,-1,-9.8066,0,0,0
1.575,0.0042037,-0.99999,-9.8066,0,0,0
1.58,0.0092035,-0.99996,-9.8066,0,0,0
1.585,0.014203,-0.9999,-9.8066,0,0,0
1.59,0.019202,-0.99982,-9.8066,0,0,0
1.595,0.024201,-0.99971,-9.8066,0,0,0
1.6,0.0292,-0.99957,-9.8066,0,0,0
1.605,0.034197,-0.99942,-9.8066,0,0,0
1.61,0.039194,-0.99923,-9.8066,0,0,0
1.615,0.044189,-0.99902,-9.8066,0,0,0
1.62,0.049184,-0.99879,-9.8066,0,0,0
1.625,0.054177,-0.99853,-9.8066,0,0,0
1.63,0.059169,-0.99825,-9.8066,0,0,0
1.635,0.06416,-0.99794,-9.8066,0,0,0
1.64,0.069148,-0.99761,-9.8066,0,0,0
1.645,0.074136,-0.99725,-9.8066,0,0,0
1.65,0.079121,-0.99687,-9.8066,0,0,0
1.655,0.084104,-0.99646,-9.8066,0,0,0
1.66,0.089085,-0.99602,-9.8066,0,0,0
1.665,0.094064,-0.99557,-9.8066,0,0,0
1.67,0.099041,-0.99508,-9.8066,0,0,0
1.675,0.10402,-0.99458,-9.8066,0,0,0
1.68,0.10899,-0.99404,-9.8066,0,0,0
1.685,0.11396,-0.99349,-9.8066,0,0,0
1.69,0.11892,-0.9929,-9.8066,0,0,0
1.695,0.12388,-0.9923,-9.8066,0,0,0
1.7,0.12884,-0.99166,-9.8066,0,0,0
1.705,0.1338,-0.99101,-9.8066,0,0,0
1.71,0.13875,-0.99033,-9.8066,0,0,0
1.715,0.1437,-0.98962,-9.8066,0,0,0
1.72,0.14865,-0.98889,-9.8066,0,0,0
1.725,0.15359,-0.98813,-9.8066,0,0,0
1.73,0.15853,-0.98735,-9.8066,0,0,0
1.735,0.16347,-0.98655,-9.8066,0,0,0
1.74,0.1684,-0.98572,-9.8066,0,0,0
1.745,0.17332,-0.98486,-9.8066,0,0,0
1.75,0.17825,-0.98399,-9.8066,0,0,0
1.755,0.18316,-0.98308,-9.8066,0,0,0
1.76,0.18808,-0.98215,-9.8066,0,0,0
1.765,0.19299,-0.9812,-9.8066,0,0,0
1.77,0.19789,-0.98022,-9.8066,0,0,0
1.775,0.20279,-0.97922,-9.8066,0,0,0
1.78,0.20768,-0.9782,-9.8066,0,0,0
1.785,0.21257,-0.97715,-9.8066,0,0,0
1.79,0.21745,-0.97607,-9.8066,0,0,0
1.795,0.22233,-0.97497,-9.8066,0,0,0
1.8,0.2272,-0.97385,-9.8066,0,0,0
1.805,0.23207,-0.9727,-9.8066,0,0,0
1.81,0.23693,-0.97153,-9.8066,0,0,0
1.815,0.24178,-0.97033,-9.8066,0,0,0
1.82,0.24663,-0.96911,-9.8066,0,0,0
1.825,0.25147,-0.96786,-9.8066,0,0,0
1.83,0.25631,-0.96659,-9.8066,0,0,0
1.835,0.26114,-0.9653,-9.8066,0,0,0
1.84,0.26596,-0.96398,-9.8066,0,0,0
1.845,0.27078,-0.96264,-9.8066,0,0,0
1.85,0.27559,-0.96128,-9.8066,0,0,0
1.855,0.28039,-0.95989,-9.8066,0,0,0
1.86,0.28519,-0.95847,-9.8066,0,0,0
1.865,0.28998,-0.95703,-9.8066,0,0,0
1.87,0.29476,-0.95557,-9.8066,0,0,0
1.875,0.29953,-0.95409,-9.8066,0,0,0
1.88,0.3043,-0.95258,-9.8066,0,0,0
1.885,0.30906,-0.95104,-9.8066,0,0,0
1.89,0.31381,-0.94949,-9.8066,0,0,0
1.895,0.31855,-0.9479,-9.8066,0,0,0
1.9,0.32329,-0.9463,-9.8066,0,0,0
1.905,0.32802,-0.94467,-9.8066,0,0,0
1.91,0.33274,-0.94302,-9.8066,0,0,0
1.915,0.33745,-0.94134,-9.8066,0,0,0
1.92,0.34215,-0.93965,-9.8066,0,0,0
1.925,0.34684,-0.93792,-9.8066,0,0,0
1.93,0.35153,-0.93618,-9.8066,0,0,0
1.935,0.35621,-0.93441,-9.8066,0,0,0
1.94,0.36087,-0.93262,-9.8066,0,0,0
1.945,0.36553,-0.9308,-9.8066,0,0,0
1.95,0.37018,-0.92896,-9.8066,0,0,0
1.955,0.37482,-0.9271,-9.8066,0,0,0
1.96,0.37945,-0.92521,-9.8066,0,0,0
1.965,0.38407,-0.9233,-9.8066,0,0,0
1.97,0.38868,-0.92137,-9.8066,0,0,0
1.975,0.39329,-0.91942,-9.8066,0,0,0
1.98,0.39788,-0.91744,-9.8066,0,0,0
1.985,0.40246,-0.91544,-9.8066,0,0,0
1.99,0.40703,-0.91341,-9.8066,0,0,0
1.995,0.4116,-0.91137,-9.8066,0,0,0
2,0.41615,-0.9093,-9.8066,0,0,0
2.005,0.42069,-0.90721,-9.8066,0,0,0
2.01,0.42522,-0.90509,-9.8066,0,0,0
2.015,0.42974,-0.90295,-9.8066,0,0,0
2.02,0.43425,-0.90079,-9.8066,0,0,0
2.025,0.43875,-0.89861,-9.8066,0,0,0
2.03,0.44323,-0.89641,-9.8066,0,0,0
2.035,0.44771,-0.89418,-9.8066,0,0,0
2.04,0.45218,-0.89193,-9.8066,0,0,0
2.045,0.45663,-0.88966,-9.8066,0,0,0
2.05,0.46107,-0.88736,-9.8066,0,0,0
2.055,0.4655,-0.88505,-9.8066,0,0,0
2.06,0.46992,-0.88271,-9.8066,0,0,0
2.065,0.47433,-0.88035,-9.8066,0,0,0
2.07,0.47873,-0.87796,-9.8066,0,0,0
2.075,0.48311,-0.87556,-9.8066,0,0,0
2.08,0.48748,-0.87313,-9.8066,0,0,0
2.085,0.49184,-0.87068,-9.8066,0,0,0
2.09,0.49619,-0.86821,-9.8066,0,0,0
2.095,0.50052,-0.86572,-9.8066,0,0,0
2.1,0.50485,-0.86321,-9.8066,0,0,0
2.105,0.50916,-0.86067,-9.8066,0,0,0
2.11,0.51345,-0.85812,-9.8066,0,0,0
2.115,0.51774,-0.85554,-9.8066,0,0,0
2.12,0.52201,-0.85294,-9.8066,0,0,0
2.125,0.52627,-0.85032,-9.8066,0,0,0
2.13,0.53051,-0.84768,-9.8066,0,0,0
2.135,0.53474,-0.84501,-9.8066,0,0,0
2.14,0.53896,-0.84233,-9.8066,0,0,0
2.145,0.54317,-0.83963,-9.8066,0,0,0
2.15,0.54736,-0.8369,-9.8066,0,0,0
2.155,0.55154,-0.83415,-9.8066,0,0,0
2.16,0.5557,-0.83138,-9.8066,0,0,0
2.165,0.55985,-0.82859,-9.8066,0,0,0
2.17,0.56399,-0.82578,-9.8066,0,0,0
2.175,0.56811,-0.82295,-9.8066,0,0,0
2.18,0.57221,-0.8201,-9.8066,0,0,0
2.185,0.57631,-0.81723,-9.8066,0,0,0
2.19,0.58039,-0.81434,-9.8066,0,0,0
2.195,0.58445,-0.81143,-9.8066,0,0,0
2.2,0.5885,-0.8085,-9.8066,0,0,0
2.205,0.59254,-0.80554,-9.8066,0,0,0
2.21,0.59656,-0.80257,-9.8066,0,0,0
2.215,0.60056,-0.79958,-9.8066,0,0,0
2.22,0.60455,-0.79657,-9.8066,0,0,0
2.225,0.60853,-0.79353,-9.8066,0,0,0
2.23,0.61249,-0.79048,-9.8066,0,0,0
2.235,0.61643,-0.78741,-9.8066,0,0,0
2.24,0.62036,-0.78432,-9.8066,0,0,0
2.245,0.62428,-0.7812,-9.8066,0,0,0
2.25,0.62817,-0.77807,-9.8066,0,0,0
2.255,0.63206,-0.77492,-9.8066,0,0,0
2.26,0.63592,-0.77175,-9.8066,0,0,0
2.265,0.63977,-0.76856,-9.8066,0,0,0
2.27,0.64361,-0.76535,-9.8066,0,0,0
2.275,0.64743,-0.76213,-9.8066,0,0,0
2.28,0.65123,-0.75888,-9.8066,0,0,0
2.285,0.65502,-0.75562,-9.8066,0,0,0
2.29,0.65879,-0.75233,-9.8066,0,0,0
2.295,0.66254,-0.74903,-9.8066,0,0,0
2.3,0.66628,-0.74571,-9.8066,0,0,0
2.305,0.67,-0.74236,-9.8066,0,0,0
2.31,0.6737,-0.73901,-9.8066,0,0,0
2.315,0.67739,-0.73563,-9.8066,0,0,0
2.32,0.68106,-0.73223,-9.8066,0,0,0
2.325,0.68471,-0.72882,-9.8066,0,0,0
2.33,0.68834,-0.72538,-9.8066,0,0,0
2.335,0.69196,-0.72193,-9.8066,0,0,0
2.34,0.69556,-0.71846,-9.8066,0,0,0
2.345,0.69915,-0.71498,-9.8066,0,0,0
2.35,0.70271,-0.71147,-9.8066,0,0,0
2.355,0.70626,-0.70795,-9.8066,0,0,0
2.36,0.70979,-0.70441,-9.8066,0,0,0
2.365,0.71331,-0.70085,-9.8066,0,0,0
2.37,0.7168,-0.69728,-9.8066,0,0,0
2.375,0.72028,-0.69369,-9.8066,0,0,0
2.38,0.72374,-0.69007,-9.8066,0,0,0
2.385,0.72718,-0.68645,-9.8066,0,0,0
2.39,0.7306,-0.6828,-9.8066,0,0,0
2.395,0.73401,-0.67914,-9.8066,0,0,0
2.4,0.73739,-0.67546,-9.8066,0,0,0
2.405,0.74076,-0.67177,-9.8066,0,0,0
2.41,0.74411,-0.66806,-9.8066,0,0,0
2.415,0.74744,-0.66433,-9.8066,0,0,0
2.42,0.75075,-0.66058,-9.8066,0,0,0
2.425,0.75405,-0.65682,-9.8066,0,0,0
2.43,0.75732,-0.65304,-9.8066,0,0,0
2.435,0.76058,-0.64925,-9.8066,0,0,0
2.44,0.76382,-0.64543,-9.8066,0,0,0
2.445,0.76703,-0.64161,-9.8066,0,0,0
2.45,0.77023,-0.63776,-9.8066,0,0,0
2.455,0.77341,-0.63391,-9.8066,0,0,0
2.46,0.77657,-0.63003,-9.8066,0,0,0
2.465,0.77971,-0.62614,-9.8066,0,0,0
2.47,0.78283,-0.62223,-9.8066,0,0,0
2.475,0.78593,-0.61831,-9.8066,0,0,0
2.48,0.78901,-0.61437,-9.8066,0,0,0
2.485,0.79208,-0.61042,-9.8066,0,0,0
2.49,0.79512,-0.60645,-9.8066,0,0,0
2.495,0.79814,-0.60247,-9.8066,0,0,0
2.5,0.80114,-0.59847,-9.8066,0,0,0
2.505,0.80413,-0.59446,-9.8066,0,0,0
2.51,0.80709,-0.59043,-9.8066,0,0,0
2.515,0.81003,-0.58639,-9.8066,0,0,0
2.52,0.81295,-0.58233,-9.8066,0,0,0
2.525,0.81585,-0.57826,-9.8066,0,0,0
2.53,0.81873,-0.57417,-9.8066,0,0,0
2.535,0.8216,-0.57007,-9.8066,0,0,0
2.54,0.82444,-0.56596,-9.8066,0,0,0
2.545,0.82725,-0.56183,-9.8066,0,0,0
2.55,0.83005,-0.55768,-9.8066,0,0,0
2.555,0.83283,-0.55353,-9.8066,0,0,0
2.56,0.83559,-0.54936,-9.8066,0,0,0
2.565,0.83833,-0.54517,-9.8066,0,0,0
2.57,0.84104,-0.54097,-9.8066,0,0,0
2.575,0.84373,-0.53676,-9.8066,0,0,0
2.58,0.84641,-0.53253,-9.8066,0,0,0
2.585,0.84906,-0.5283,-9.8066,0,0,0
2.59,0.85169,-0.52404,-9.8066,0,0,0
2.595,0.8543,-0.51978,-9.8066,0,0,0
2.6,0.85689,-0.5155,-9.8066,0,0,0
2.605,0.85946,-0.51121,-9.8066,0,0,0
2.61,0.862,-0.50691,-9.8066,0,0,0
2.615,0.86452,-0.50259,-9.8066,0,0,0
2.62,0.86703,-0.49826,-9.8066,0,0,0
2.625,0.86951,-0.49392,-9.8066,0,0,0
2.63,0.87197,-0.48957,-9.8066,0,0,0
2.635,0.8744,-0.4852,-9.8066,0,0,0
2.64,0.87682,-0.48082,-9.8066,0,0,0
2.645,0.87921,-0.47643,-9.8066,0,0,0
2.65,0.88158,-0.47203,-9.8066,0,0,0
2.655,0.88393,-0.46762,-9.8066,0,0,0
2.66,0.88626,-0.46319,-9.8066,0,0,0
2.665,0.88856,-0.45875,-9.8066,0,0,0
2.67,0.89085,-0.45431,-9.8066,0,0,0
2.675,0.89311,-0.44985,-9.8066,0,0,0
2.68,0.89534,-0.44537,-9.8066,0,0,0
2.685,0.89756,-0.44089,-9.8066,0,0,0
2.69,0.89975,-0.4364,-9.8066,0,0,0
2.695,0.90192,-0.43189,-9.8066,0,0,0
2.7,0.90407,-0.42738,-9.8066,0,0,0
2.705,0.9062,-0.42285,-9.8066,0,0,0
2.71,0.9083,-0.41832,-9.8066,0,0,0
2.715,0.91038,-0.41377,-9.8066,0,0,0
2.72,0.91244,-0.40921,-9.8066,0,0,0
2.725,0.91447,-0.40465,-9.8066,0,0,0
2.73,0.91648,-0.40007,-9.8066,0,0,0
2.735,0.91847,-0.39548,-9.8066,0,0,0
2.74,0.92044,-0.39088,-9.8066,0,0,0
2.745,0.92238,-0.38628,-9.8066,0,0,0
2.75,0.9243,-0.38166,-9.8066,0,0,0
2.755,0.9262,-0.37703,-9.8066,0,0,0
2.76,0.92807,-0.3724,-9.8066,0,0,0
2.765,0.92992,-0.36775,-9.8066,0,0,0
2.77,0.93175,-0.3631,-9.8066,0,0,0
2.775,0.93355,-0.35844,-9.8066,0,0,0
2.78,0.93533,-0.35376,-9.8066,0,0,0
2.785,0.93709,-0.34908,-9.8066,0,0,0
2.79,0.93883,-0.34439,-9.8066,0,0,0
2.795,0.94054,-0.3397,-9.8066,0,0,0
2.8,0.94222,-0.33499,-9.8066,0,0,0
2.805,0.94389,-0.33027,-9.8066,0,0,0
2.81,0.94553,-0.32555,-9.8066,0,0,0
2.815,0.94714,-0.32082,-9.8066,0,0,0
2.82,0.94873,-0.31608,-9.8066,0,0,0
2.825,0.9503,-0.31133,-9.8066,0,0,0
2.83,0.95185,-0.30657,-9.8066,0,0,0
2.835,0.95337,-0.30181,-9.8066,0,0,0
2.84,0.95486,-0.29704,-9.8066,0,0,0
2.845,0.95634,-0.29226,-9.8066,0,0,0
2.85,0.95779,-0.28748,-9.8066,0,0,0
2.855,0.95921,-0.28269,-9.8066,0,0,0
2.86,0.96061,-0.27789,-9.8066,0,0,0
2.865,0.96199,-0.27308,-9.8066,0,0,0
2.87,0.96334,-0.26827,-9.8066,0,0,0
2.875,0.96467,-0.26345,-9.8066,0,0,0
2.88,0.96598,-0.25862,-9.8066,0,0,0
2.885,0.96726,-0.25379,-9.8066,0,0,0
2.89,0.96852,-0.24895,-9.8066,0,0,0
2.895,0.96975,-0.2441,-9.8066,0,0,0
2.9,0.97096,-0.23925,-9.8066,0,0,0
2.905,0.97214,-0.23439,-9.8066,0,0,0
2.91,0.9733,-0.22953,-9.8066,0,0,0
2.915,0.97444,-0.22466,-9.8066,0,0,0
2.92,0.97555,-0.21978,-9.8066,0,0,0
2.925,0.97664,-0.2149,-9.8066,0,0,0
2.93,0.9777,-0.21002,-9.8066,0,0,0
2.935,0.97874,-0.20513,-9.8066,0,0,0
2.94,0.97975,-0.20023,-9.8066,0,0,0
2.945,0.98074,-0.19533,-9.8066,0,0,0
2.95,0.9817,-0.19042,-9.8066,0,0,0
2.955,0.98264,-0.18551,-9.8066,0,0,0
2.96,0.98356,-0.1806,-9.8066,0,0,0
2.965,0.98445,-0.17568,-9.8066,0,0,0
2.97,0.98531,-0.17075,-9.8066,0,0,0
2.975,0.98616,-0.16582,-9.8066,0,0,0
2.98,0.98697,-0.16089,-9.8066,0,0,0
2.985,0.98776,-0.15595,-9.8066,0,0,0
2.99,0.98853,-0.15101,-9.8066,0,0,0
2.995,0.98927,-0.14607,-9.8066,0,0,0
3,0.98999,-0.14112,-9.8066,0,0,0
3.005,0.99069,-0.13617,-9.8066,0,0,0
3.01,0.99135,-0.13121,-9.8066,0,0,0
3.015,0.992,-0.12625,-9.8066,0,0,0
3.02,0.99262,-0.12129,-9.8066,0,0,0
3.025,0.99321,-0.11633,-9.8066,0,0,0
3.03,0.99378,-0.11136,-9.8066,0,0,0
3.035,0.99432,-0.10639,-9.8066,0,0,0
3.04,0.99484,-0.10142,-9.8066,0,0,0
3.045,0.99534,-0.096443,-9.8066,0,0,0
3.05,0.99581,-0.091465,-9.8066,0,0,0
3.055,0.99625,-0.086484,-9.8066,0,0,0
3.06,0.99667,-0.081502,-9.8066,0,0,0
3.065,0.99707,-0.076518,-9.8066,0,0,0
3.07,0.99744,-0.071532,-9.8066,0,0,0
3.075,0.99778,-0.066543,-9.8066,0,0,0
3.08,0.9981,-0.061554,-9.8066,0,0,0
3.085,0.9984,-0.056562,-9.8066,0,0,0
3.09,0.99867,-0.05157,-9.8066,0,0,0
3.095,0.99891,-0.046576,-9.8066,0,0,0
3.1,0.99914,-0.041581,-9.8066,0,0,0
3.105,0.99933,-0.036584,-9.8066,0,0,0
3.11,0.9995,-0.031587,-9.8066,0,0,0
3.115,0.99965,-0.02659,-9.8066,0,0,0
3.12,0.99977,-0.021591,-9.8066,0,0,0
3.125,0.99986,-0.016592,-9.8066,0,0,0
3.13,0.99993,-0.011592,-9.8066,0,0,0
3.135,0.99998,-0.0065926,-9.8066,0,0,0
3.14,1,-0.0015927,-9.8066,0,0,0
3.145,0.99999,0.0034073,-9.8066,0,0,0
3.15,0.99996,0.0084072,-9.8066,0,0,0
3.155,0.99991,0.013407,-9.8066,0,0,0
3.16,0.99983,0.018406,-9.8066,0,0,0
3.165,0.99973,0.023405,-9.8066,0,0,0
3.17,0.9996,0.028404,-9.8066,0,0,0
3.175,0.99944,0.033401,-9.8066,0,0,0
3.18,0.99926,0.038398,-9.8066,0,0,0
3.185,0.99906,0.043394,-9.8066,0,0,0
3.19,0.99883,0.048388,-9.8066,0,0,0
3.195,0.99857,0.053382,-9.8066,0,0,0
3.2,0.99829,0.058374,-9.8066,0,0,0
3.205,0.99799,0.063365,-9.8066,0,0,0
3.21,0.99766,0.068354,-9.8066,0,0,0
3.215,0.99731,0.073341,-9.8066,0,0,0
3.22,0.99693,0.078327,-9.8066,0,0,0
3.225,0.99652,0.083311,-9.8066,0,0,0
3.23,0.99609,0.088292,-9.8066,0,0,0
3.235,0.99564,0.093272,-9.8066,0,0,0
3.24,0.99516,0.098249,-9.8066,0,0,0
3.245,0.99466,0.10322,-9.8066,0,0,0
3.25,0.99413,0.1082,-9.8066,0,0,0
3.255,0.99358,0.11316,-9.8066,0,0,0
3.26,0.993,0.11813,-9.8066,0,0,0
3.265,0.99239,0.12309,-9.8066,0,0,0
3.27,0.99177,0.12805,-9.8066,0,0,0
3.275,0.99111,0.13301,-9.8066,0,0,0
3.28,0.99044,0.13797,-9.8066,0,0,0
3.285,0.98973,0.14292,-9.8066,0,0,0
3.29,0.98901,0.14786,-9.8066,0,0,0
3.295,0.98826,0.15281,-9.8066,0,0,0
3.3,0.98748,0.15775,-9.8066,0,0,0
3.305,0.98668,0.16268,-9.8066,0,0,0
3.31,0.98585,0.16761,-9.8066,0,0,0
3.315,0.985,0.17254,-9.8066,0,0,0
3.32,0.98413,0.17746,-9.8066,0,0,0
3.325,0.98323,0.18238,-9.8066,0,0,0
3.33,0.9823,0.18729,-9.8066,0,0,0
3.335,0.98136,0.1922,-9.8066,0,0,0
3.34,0.98038,0.19711,-9.8066,0,0,0
3.345,0.97938,0.20201,-9.8066,0,0,0
3.35,0.97836,0.2069,-9.8066,0,0,0
3.355,0.97731,0.21179,-9.8066,0,0,0
3.36,0.97624,0.21668,-9.8066,0,0,0
3.365,0.97515,0.22155,-9.8066,0,0,0
3.37,0.97403,0.22643,-9.8066,0,0,0
3.375,0.97288,0.23129,-9.8066,0,0,0
3.38,0.97172,0.23616,-9.8066,0,0,0
3.385,0.97052,0.24101,-9.8066,0,0,0
3.39,0.96931,0.24586,-9.8066,0,0,0
3.395,0.96806,0.2507,-9.8066,0,0,0
3.4,0.9668,0.25554,-9.8066,0,0,0
3.405,0.96551,0.26037,-9.8066,0,0,0
3.41,0.96419,0.2652,-9.8066,0,0,0
3.415,0.96286,0.27001,-9.8066,0,0,0
3.42,0.96149,0.27482,-9.8066,0,0,0
3.425,0.96011,0.27963,-9.8066,0,0,0
3.43,0.9587,0.28443,-9.8066,0,0,0
3.435,0.95726,0.28922,-9.8066,0,0,0
3.44,0.95581,0.294,-9.8066,0,0,0
3.445,0.95432,0.29877,-9.8066,0,0,0
3.45,0.95282,0.30354,-9.8066,0,0,0
3.455,0.95129,0.3083,-9.8066,0,0,0
3.46,0.94974,0.31305,-9.8066,0,0,0
3.465,0.94816,0.3178,-9.8066,0,0,0
3.47,0.94656,0.32254,-9.8066,0,0,0
3.475,0.94493,0.32726,-9.8066,0,0,0
3.48,0.94328,0.33199,-9.8066,0,0,0
3.485,0.94161,0.3367,-9.8066,0,0,0
3.49,0.93992,0.3414,-9.8066,0,0,0
3.495,0.9382,0.3461,-9.8066,0,0,0
3.5,0.93646,0.35078,-9.8066,0,0,0
3.505,0.93469,0.35546,-9.8066,0,0,0
3.51,0.9329,0.36013,-9.8066,0,0,0
3.515,0.93109,0.36479,-9.8066,0,0,0
3.52,0.92925,0.36944,-9.8066,0,0,0
3.525,0.9274,0.37408,-9.8066,0,0,0
3.53,0.92551,0.37871,-9.8066,0,0,0
3.535,0.92361,0.38334,-9.8066,0,0,0
3.54,0.92168,0.38795,-9.8066,0,0,0
3.545,0.91973,0.39255,-9.8066,0,0,0
3.55,0.91775,0.39715,-9.8066,0,0,0
3.555,0.91576,0.40173,-9.8066,0,0,0
3.56,0.91374,0.40631,-9.8066,0,0,0
3.565,0.91169,0.41087,-9.8066,0,0,0
3.57,0.90963,0.41542,-9.8066,0,0,0
3.575,0.90754,0.41997,-9.8066,0,0,0
3.58,0.90543,0.4245,-9.8066,0,0,0
3.585,0.9033,0.42902,-9.8066,0,0,0
3.59,0.90114,0.43353,-9.8066,0,0,0
3.595,0.89896,0.43803,-9.8066,0,0,0
3.6,0.89676,0.44252,-9.8066,0,0,0
3.605,0.89453,0.447,-9.8066,0,0,0
3.61,0.89229,0.45147,-9.8066,0,0,0
3.615,0.89002,0.45592,-9.8066,0,0,0
3.62,0.88773,0.46037,-9.8066,0,0,0
3.625,0.88542,0.4648,-9.8066,0,0,0
3.63,0.88308,0.46922,-9.8066,0,0,0
3.635,0.88072,0.47363,-9.8066,0,0,0
3.64,0.87835,0.47803,-9.8066,0,0,0
3.645,0.87594,0.48241,-9.8066,0,0,0
3.65,0.87352,0.48679,-9.8066,0,0,0
3.655,0.87108,0.49115,-9.8066,0,0,0
3.66,0.86861,0.4955,-9.8066,0,0,0
3.665,0.86612,0.49983,-9.8066,0,0,0
3.67,0.86361,0.50416,-9.8066,0,0,0
3.675,0.86108,0.50847,-9.8066,0,0,0
3.68,0.85853,0.51277,-9.8066,0,0,0
3.685,0.85595,0.51706,-9.8066,0,0,0
3.69,0.85336,0.52133,-9.8066,0,0,0
3.695,0.85074,0.52559,-9.8066,0,0,0
3.7,0.8481,0.52984,-9.8066,0,0,0
3.705,0.84544,0.53407,-9.8066,0,0,0
3.71,0.84276,0.53829,-9.8066,0,0,0
3.715,0.84006,0.5425,-9.8066,0,0,0
3.72,0.83733,0.54669,-9.8066,0,0,0
3.725,0.83459,0.55087,-9.8066,0,0,0
3.73,0.83183,0.55504,-9.8066,0,0,0
3.735,0.82904,0.55919,-9.8066,0,0,0
3.74,0.82623,0.56333,-9.8066,0,0,0
3.745,0.82341,0.56745,-9.8066,0,0,0
3.75,0.82056,0.57156,-9.8066,0,0,0
3.755,0.81769,0.57566,-9.8066,0,0,0
3.76,0.8148,0.57974,-9.8066,0,0,0
3.765,0.81189,0.5838,-9.8066,0,0,0
3.77,0.80896,0.58786,-9.8066,0,0,0
3.775,0.80602,0.59189,-9.8066,0,0,0
3.78,0.80305,0.59592,-9.8066,0,0,0
3.785,0.80006,0.59992,-9.8066,0,0,0
3.79,0.79705,0.60392,-9.8066,0,0,0
3.795,0.79402,0.6079,-9.8066,0,0,0
3.8,0.79097,0.61186,-9.8066,0,0,0
3.805,0.7879,0.61581,-9.8066,0,0,0
3.81,0.78481,0.61974,-9.8066,0,0,0
3.815,0.7817,0.62365,-9.8066,0,0,0
3.82,0.77857,0.62755,-9.8066,0,0,0
3.825,0.77543,0.63144,-9.8066,0,0,0
3.83,0.77226,0.63531,-9.8066,0,0,0
3.835,0.76907,0.63916,-9.8066,0,0,0
3.84,0.76587,0.643,-9.8066,0,0,0
3.845,0.76264,0.64682,-9.8066,0,0,0
3.85,0.7594,0.65063,-9.8066,0,0,0
3.855,0.75614,0.65441,-9.8066,0,0,0
3.86,0.75285,0.65819,-9.8066,0,0,0
3.865,0.74955,0.66194,-9.8066,0,0,0
3.87,0.74624,0.66568,-9.8066,0,0,0
3.875,0.7429,0.6694,-9.8066,0,0,0
3.88,0.73954,0.67311,-9.8066,0,0,0
3.885,0.73617,0.6768,-9.8066,0,0,0
3.89,0.73277,0.68047,-9.8066,0,0,0
3.895,0.72936,0.68413,-9.8066,0,0,0
3.9,0.72593,0.68777,-9.8066,0,0,0
3.905,0.72248,0.69139,-9.8066,0,0,0
3.91,0.71902,0.69499,-9.8066,0,0,0
3.915,0.71553,0.69858,-9.8066,0,0,0
3.92,0.71203,0.70215,-9.8066,0,0,0
3.925,0.70851,0.7057,-9.8066,0,0,0
3.93,0.70498,0.70923,-9.8066,0,0,0
3.935,0.70142,0.71275,-9.8066,0,0,0
3.94,0.69785,0.71625,-9.8066,0,0,0
3.945,0.69426,0.71973,-9.8066,0,0,0
3.95,0.69065,0.72319,-9.8066,0,0,0
3.955,0.68703,0.72663,-9.8066,0,0,0
3.96,0.68338,0.73006,-9.8066,0,0,0
3.965,0.67973,0.73347,-9.8066,0,0,0
3.97,0.67605,0.73686,-9.8066,0,0,0
3.975,0.67236,0.74023,-9.8066,0,0,0
3.98,0.66865,0.74358,-9.8066,0,0,0
3.985,0.66492,0.74691,-9.8066,0,0,0
3.99,0.66118,0.75023,-9.8066,0,0,0
3.995,0.65742,0.75352,-9.8066,0,0,0
4,0.65364,0.7568,-9.8066,0,0,0
4.005,0.64985,0.76006,-9.8066,0,0,0
4.01,0.64604,0.7633,-9.8066,0,0,0
4.015,0.64222,0.76652,-9.8066,0,0,0
4.02,0.63838,0.76972,-9.8066,0,0,0
4.025,0.63452,0.77291,-9.8066,0,0,0
4.03,0.63065,0.77607,-9.8066,0,0,0
4.035,0.62676,0.77921,-9.8066,0,0,0
4.04,0.62286,0.78234,-9.8066,0,0,0
4.045,0.61894,0.78544,-9.8066,0,0,0
4.05,0.615,0.78853,-9.8066,0,0,0
4.055,0.61105,0.79159,-9.8066,0,0,0
4.06,0.60709,0.79464,-9.8066,0,0,0
4.065,0.60311,0.79766,-9.8066,0,0,0
4.07,0.59911,0.80067,-9.8066,0,0,0
4.075,0.5951,0.80365,-9.8066,0,0,0
4.08,0.59107,0.80662,-9.8066,0,0,0
4.085,0.58703,0.80956,-9.8066,0,0,0
4.09,0.58298,0.81249,-9.8066,0,0,0
4.095,0.57891,0.81539,-9.8066,0,0,0
4.1,0.57482,0.81828,-9.8066,0,0,0
4.105,0.57073,0.82114,-9.8066,0,0,0
4.11,0.56661,0.82398,-9.8066,0,0,0
4.115,0.56249,0.82681,-9.8066,0,0,0
4.12,0.55834,0.82961,-9.8066,0,0,0
4.125,0.55419,0.83239,-9.8066,0,0,0
4.13,0.55002,0.83515,-9.8066,0,0,0
4.135,0.54584,0.83789,-9.8066,0,0,0
4.14,0.54164,0.84061,-9.8066,0,0,0
4.145,0.53743,0.84331,-9.8066,0,0,0
4.15,0.53321,0.84598,-9.8066,0,0,0
4.155,0.52897,0.84864,-9.8066,0,0,0
4.16,0.52472,0.85127,-9.8066,0,0,0
4.165,0.52046,0.85389,-9.8066,0,0,0
4.17,0.51618,0.85648,-9.8066,0,0,0
4.175,0.51189,0.85905,-9.8066,0,0,0
4.18,0.50759,0.8616,-9.8066,0,0,0
4.185,0.50328,0.86412,-9.8066,0,0,0
4.19,0.49895,0.86663,-9.8066,0,0,0
4.195,0.49461,0.86911,-9.8066,0,0,0
4.2,0.49026,0.87158,-9.8066,0,0,0
4.205,0.4859,0.87402,-9.8066,0,0,0
4.21,0.48152,0.87643,-9.8066,0,0,0
4.215,0.47713,0.87883,-9.8066,0,0,0
4.22,0.47273,0.88121,-9.8066,0,0,0
4.225,0.46832,0.88356,-9.8066,0,0,0
4.23,0.4639,0.88589,-9.8066,0,0,0
4.235,0.45946,0.8882,-9.8066,0,0,0
4.24,0.45501,0.89048,-9.8066,0,0,0
4.245,0.45056,0.89275,-9.8066,0,0,0
4.25,0.44609,0.89499,-9.8066,0,0,0
4.255,0.44161,0.89721,-9.8066,0,0,0
4.26,0.43712,0.89941,-9.8066,0,0,0
4.265,0.43261,0.90158,-9.8066,0,0,0
4.27,0.4281,0.90373,-9.8066,0,0,0
4.275,0.42358,0.90586,-9.8066,0,0,0
4.28,0.41904,0.90797,-9.8066,0,0,0
4.285,0.4145,0.91005,-9.8066,0,0,0
4.29,0.40994,0.91211,-9.8066,0,0,0
4.295,0.40537,0.91415,-9.8066,0,0,0
4.3,0.4008,0.91617,-9.8066,0,0,0
4.305,0.39621,0.91816,-9.8066,0,0,0
4.31,0.39162,0.92013,-9.8066,0,0,0
4.315,0.38701,0.92207,-9.8066,0,0,0
4.32,0.3824,0.924,-9.8066,0,0,0
4.325,0.37777,0.9259,-9.8066,0,0,0
4.33,0.37314,0.92778,-9.8066,0,0,0
4.335,0.36849,0.92963,-9.8066,0,0,0
4.34,0.36384,0.93146,-9.8066,0,0,0
4.345,0.35918,0.93327,-9.8066,0,0,0
4.35,0.35451,0.93505,-9.8066,0,0,0
4.355,0.34983,0.93681,-9.8066,0,0,0
4.36,0.34514,0.93855,-9.8066,0,0,0
4.365,0.34044,0.94026,-9.8066,0,0,0
4.37,0.33574,0.94196,-9.8066,0,0,0
4.375,0.33102,0.94362,-9.8066,0,0,0
4.38,0.3263,0.94527,-9.8066,0,0,0
4.385,0.32157,0.94689,-9.8066,0,0,0
4.39,0.31683,0.94848,-9.8066,0,0,0
4.395,0.31209,0.95005,-9.8066,0,0,0
4.4,0.30733,0.9516,-9.8066,0,0,0
4.405,0.30257,0.95313,-9.8066,0,0,0
4.41,0.2978,0.95463,-9.8066,0,0,0
4.415,0.29302,0.9561,-9.8066,0,0,0
4.42,0.28824,0.95756,-9.8066,0,0,0
4.425,0.28345,0.95899,-9.8066,0,0,0
4.43,0.27865,0.96039,-9.8066,0,0,0
4.435,0.27385,0.96177,-9.8066,0,0,0
4.44,0.26903,0.96313,-9.8066,0,0,0
4.445,0.26421,0.96446,-9.8066,0,0,0
4.45,0.25939,0.96577,-9.8066,0,0,0
4.455,0.25456,0.96706,-9.8066,0,0,0
4.46,0.24972,0.96832,-9.8066,0,0,0
4.465,0.24487,0.96956,-9.8066,0,0,0
4.47,0.24002,0.97077,-9.8066,0,0,0
4.475,0.23517,0.97196,-9.8066,0,0,0
4.48,0.2303,0.97312,-9.8066,0,0,0
4.485,0.22543,0.97426,-9.8066,0,0,0
4.49,0.22056,0.97537,-9.8066,0,0,0
4.495,0.21568,0.97646,-9.8066,0,0,0
4.5,0.2108,0.97753,-9.8066,0,0,0
4.505,0.20591,0.97857,-9.8066,0,0,0
4.51,0.20101,0.97959,-9.8066,0,0,0
4.515,0.19611,0.98058,-9.8066,0,0,0
4.52,0.1912,0.98155,-9.8066,0,0,0
4.525,0.18629,0.98249,-9.8066,0,0,0
4.53,0.18138,0.98341,-9.8066,0,0,0
4.535,0.17646,0.98431,-9.8066,0,0,0
4.54,0.17154,0.98518,-9.8066,0,0,0
4.545,0.16661,0.98602,-9.8066,0,0,0
4.55,0.16168,0.98684,-9.8066,0,0,0
4.555,0.15674,0.98764,-9.8066,0,0,0
4.56,0.1518,0.98841,-9.8066,0,0,0
4.565,0.14686,0.98916,-9.8066,0,0,0
4.57,0.14191,0.98988,-9.8066,0,0,0
4.575,0.13696,0.99058,-9.8066,0,0,0
4.58,0.132,0.99125,-9.8066,0,0,0
4.585,0.12704,0.9919,-9.8066,0,0,0
4.59,0.12208,0.99252,-9.8066,0,0,0
4.595,0.11712,0.99312,-9.8066,0,0,0
4.6,0.11215,0.99369,-9.8066,0,0,0
4.605,0.10718,0.99424,-9.8066,0,0,0
4.61,0.10221,0.99476,-9.8066,0,0,0
4.615,0.097235,0.99526,-9.8066,0,0,0
4.62,0.092258,0.99574,-9.8066,0,0,0
4.625,0.087278,0.99618,-9.8066,0,0,0
4.63,0.082296,0.99661,-9.8066,0,0,0
4.635,0.077312,0.99701,-9.8066,0,0,0
4.64,0.072326,0.99738,-9.8066,0,0,0
4.645,0.067338,0.99773,-9.8066,0,0,0
4.65,0.062349,0.99805,-9.8066,0,0,0
4.655,0.057357,0.99835,-9.8066,0,0,0
4.66,0.052365,0.99863,-9.8066,0,0,0
4.665,0.047371,0.99888,-9.8066,0,0,0
4.67,0.042376,0.9991,-9.8066,0,0,0
4.675,0.03738,0.9993,-9.8066,0,0,0
4.68,0.032383,0.99948,-9.8066,0,0,0
4.685,0.027386,0.99962,-9.8066,0,0,0
4.69,0.022387,0.99975,-9.8066,0,0,0
4.695,0.017388,0.99985,-9.8066,0,0,0
4.7,0.012389,0.99992,-9.8066,0,0,0
4.705,0.0073889,0.99997,-9.8066,0,0,0
4.71,0.002389,1,-9.8066,0,0,0
4.715,-0.002611,1,-9.8066,0,0,0
4.72,-0.0076109,0.99997,-9.8066,0,0,0
4.725,-0.012611,0.99992,-9.8066,0,0,0
4.73,-0.01761,0.99984,-9.8066,0,0,0
4.735,-0.022609,0.99974,-9.8066,0,0,0
4.74,-0.027608,0.99962,-9.8066,0,0,0
4.745,-0.032605,0.99947,-9.8066,0,0,0
4.75,-0.037602,0.99929,-9.8066,0,0,0
4.755,-0.042598,0.99909,-9.8066,0,0,0
4.76,-0.047593,0.99887,-9.8066,0,0,0
4.765,-0.052587,0.99862,-9.8066,0,0,0
4.77,-0.057579,0.99834,-9.8066,0,0,0
4.775,-0.06257,0.99804,-9.8066,0,0,0
4.78,-0.06756,0.99772,-9.8066,0,0,0
4.785,-0.072547,0.99736,-9.8066,0,0,0
4.79,-0.077533,0.99699,-9.8066,0,0,0
4.795,-0.082517,0.99659,-9.8066,0,0,0
4.8,-0.087499,0.99616,-9.8066,0,0,0
4.805,-0.092479,0.99571,-9.8066,0,0,0
4.81,-0.097456,0.99524,-9.8066,0,0,0
4.815,-0.10243,0.99474,-9.8066,0,0,0
4.82,-0.1074,0.99422,-9.8066,0,0,0
4.825,-0.11237,0.99367,-9.8066,0,0,0
4.83,-0.11734,0.99309,-9.8066,0,0,0
4.835,-0.1223,0.99249,-9.8066,0,0,0
4.84,-0.12726,0.99187,-9.8066,0,0,0
4.845,-0.13222,0.99122,-9.8066,0,0,0
4.85,-0.13718,0.99055,-9.8066,0,0,0
4.855,-0.14213,0.98985,-9.8066,0,0,0
4.86,-0.14708,0.98913,-9.8066,0,0,0
4.865,-0.15202,0.98838,-9.8066,0,0,0
4.87,-0.15696,0.98761,-9.8066,0,0,0
4.875,-0.1619,0.98681,-9.8066,0,0,0
4.88,-0.16683,0.98599,-9.8066,0,0,0
4.885,-0.17176,0.98514,-9.8066,0,0,0
4.89,-0.17668,0.98427,-9.8066,0,0,0
4.895,-0.1816,0.98337,-9.8066,0,0,0
4.9,-0.18651,0.98245,-9.8066,0,0,0
4.905,-0.19142,0.98151,-9.8066,0,0,0
4.91,-0.19633,0.98054,-9.8066,0,0,0
4.915,-0.20123,0.97954,-9.8066,0,0,0
4.92,-0.20612,0.97853,-9.8066,0,0,0
4.925,-0.21101,0.97748,-9.8066,0,0,0
4.93,-0.2159,0.97642,-9.8066,0,0,0
4.935,-0.22078,0.97532,-9.8066,0,0,0
4.94,-0.22565,0.97421,-9.8066,0,0,0
4.945,-0.23052,0.97307,-9.8066,0,0,0
4.95,-0.23538,0.9719,-9.8066,0,0,0
4.955,-0.24024,0.97071,-9.8066,0,0,0
4.96,-0.24509,0.9695,-9.8066,0,0,0
4.965,-0.24993,0.96826,-9.8066,0,0,0
4.97,-0.25477,0.967,-9.8066,0,0,0
4.975,-0.2596,0.96572,-9.8066,0,0,0
4.98,-0.26443,0.96441,-9.8066,0,0,0
4.985,-0.26925,0.96307,-9.8066,0,0,0
4.99,-0.27406,0.96171,-9.8066,0,0,0
4.995,-0.27886,0.96033,-9.8066,0,0,0
5,-0.28366,0.95892,-9.8066,0,0,0
5.005,-0.28845,0.95749,-9.8066,0,0,0
5.01,-0.29324,0.95604,-9.8066,0,0,0
5.015,-0.29801,0.95456,-9.8066,0,0,0
5.02,-0.30278,0.95306,-9.8066,0,0,0
5.025,-0.30754,0.95153,-9.8066,0,0,0
5.03,-0.3123,0.94998,-9.8066,0,0,0
5.035,-0.31704,0.94841,-9.8066,0,0,0
5.04,-0.32178,0.94681,-9.8066,0,0,0
5.045,-0.32651,0.94519,-9.8066,0,0,0
5.05,-0.33123,0.94355,-9.8066,0,0,0
5.055,-0.33595,0.94188,-9.8066,0,0,0
5.06,-0.34065,0.94019,-9.8066,0,0,0
5.065,-0.34535,0.93847,-9.8066,0,0,0
5.07,-0.35004,0.93674,-9.8066,0,0,0
5.075,-0.35472,0.93497,-9.8066,0,0,0
5.08,-0.35939,0.93319,-9.8066,0,0,0
5.085,-0.36405,0.93138,-9.8066,0,0,0
5.09,-0.3687,0.92955,-9.8066,0,0,0
5.095,-0.37334,0.92769,-9.8066,0,0,0
5.1,-0.37798,0.92581,-9.8066,0,0,0
5.105,-0.3826,0.92391,-9.8066,0,0,0
5.11,-0.38722,0.92199,-9.8066,0,0,0
5.115,-0.39182,0.92004,-9.8066,0,0,0
5.12,-0.39642,0.91807,-9.8066,0,0,0
5.125,-0.401,0.91608,-9.8066,0,0,0
5.13,-0.40558,0.91406,-9.8066,0,0,0
5.135,-0.41014,0.91202,-9.8066,0,0,0
5.14,-0.4147,0.90996,-9.8066,0,0,0
5.145,-0.41924,0.90787,-9.8066,0,0,0
5.15,-0.42378,0.90577,-9.8066,0,0,0
5.155,-0.4283,0.90364,-9.8066,0,0,0
5.16,-0.43281,0.90148,-9.8066,0,0,0
5.165,-0.43732,0.89931,-9.8066,0,0,0
5.17,-0.44181,0.89711,-9.8066,0,0,0
5.175,-0.44629,0.89489,-9.8066,0,0,0
5.18,-0.45076,0.89265,-9.8066,0,0,0
5.185,-0.45521,0.89038,-9.8066,0,0,0
5.19,-0.45966,0.8881,-9.8066,0,0,0
5.195,-0.46409,0.88579,-9.8066,0,0,0
5.2,-0.46852,0.88345,-9.8066,0,0,0
5.205,-0.47293,0.8811,-9.8066,0,0,0
5.21,-0.47733,0.87873,-9.8066,0,0,0
5.215,-0.48172,0.87633,-9.8066,0,0,0
5.22,-0.48609,0.87391,-9.8066,0,0,0
5.225,-0.49045,0.87147,-9.8066,0,0,0
5.23,-0.49481,0.869,-9.8066,0,0,0
5.235,-0.49914,0.86652,-9.8066,0,0,0
5.24,-0.50347,0.86401,-9.8066,0,0,0
5.245,-0.50778,0.86148,-9.8066,0,0,0
5.25,-0.51209,0.85893,-9.8066,0,0,0
5.255,-0.51637,0.85636,-9.8066,0,0,0
5.26,-0.52065,0.85377,-9.8066,0,0,0
5.265,-0.52491,0.85116,-9.8066,0,0,0
5.27,-0.52916,0.84852,-9.8066,0,0,0
5.275,-0.5334,0.84587,-9.8066,0,0,0
5.28,-0.53762,0.84319,-9.8066,0,0,0
5.285,-0.54183,0.84049,-9.8066,0,0,0
5.29,-0.54602,0.83777,-9.8066,0,0,0
5.295,-0.55021,0.83503,-9.8066,0,0,0
5.3,-0.55437,0.83227,-9.8066,0,0,0
5.305,-0.55853,0.82949,-9.8066,0,0,0
5.31,-0.56267,0.82668,-9.8066,0,0,0
5.315,-0.5668,0.82386,-9.8066,0,0,0
5.32,-0.57091,0.82101,-9.8066,0,0,0
5.325,-0.57501,0.81815,-9.8066,0,0,0
5.33,-0.57909,0.81526,-9.8066,0,0,0
5.335,-0.58316,0.81236,-9.8066,0,0,0
5.34,-0.58721,0.80943,-9.8066,0,0,0
5.345,-0.59125,0.80649,-9.8066,0,0,0
5.35,-0.59528,0.80352,-9.8066,0,0,0
5.355,-0.59929,0.80053,-9.8066,0,0,0
5.36,-0.60328,0.79753,-9.8066,0,0,0
5.365,-0.60726,0.7945,-9.8066,0,0,0
5.37,-0.61123,0.79145,-9.8066,0,0,0
5.375,-0.61518,0.78839,-9.8066,0,0,0
5.38,-0.61911,0.7853,-9.8066,0,0,0
5.385,-0.62303,0.7822,-9.8066,0,0,0
5.39,-0.62693,0.77907,-9.8066,0,0,0
5.395,-0.63082,0.77593,-9.8066,0,0,0
5.4,-0.63469,0.77276,-9.8066,0,0,0
5.405,-0.63855,0.76958,-9.8066,0,0,0
5.41,-0.64239,0.76638,-9.8066,0,0,0
5.415,-0.64621,0.76316,-9.8066,0,0,0
5.42,-0.65002,0.75992,-9.8066,0,0,0
5.425,-0.65381,0.75666,-9.8066,0,0,0
5.43,-0.65759,0.75338,-9.8066,0,0,0
5.435,-0.66135,0.75008,-9.8066,0,0,0
5.44,-0.66509,0.74677,-9.8066,0,0,0
5.445,-0.66881,0.74343,-9.8066,0,0,0
5.45,-0.67252,0.74008,-9.8066,0,0,0
5.455,-0.67621,0.73671,-9.8066,0,0,0
5.46,-0.67989,0.73332,-9.8066,0,0,0
5.465,-0.68355,0.72991,-9.8066,0,0,0
5.47,-0.68719,0.72648,-9.8066,0,0,0
5.475,-0.69081,0.72303,-9.8066,0,0,0
5.48,-0.69442,0.71957,-9.8066,0,0,0
5.485,-0.69801,0.71609,-9.8066,0,0,0
5.49,-0.70158,0.71259,-9.8066,0,0,0
5.495,-0.70513,0.70907,-9.8066,0,0,0
5.5,-0.70867,0.70554,-9.8066,0,0,0
5.505,-0.71219,0.70199,-9.8066,0,0,0
5.51,-0.71569,0.69842,-9.8066,0,0,0
5.515,-0.71917,0.69483,-9.8066,0,0,0
5.52,-0.72264,0.69123,-9.8066,0,0,0
5.525,-0.72608,0.6876,-9.8066,0,0,0
5.53,-0.72951,0.68397,-9.8066,0,0,0
5.535,-0.73292,0.68031,-9.8066,0,0,0
5.54,-0.73632,0.67664,-9.8066,0,0,0
5.545,-0.73969,0.67295,-9.8066,0,0,0
5.55,-0.74305,0.66924,-9.8066,0,0,0
5.555,-0.74638,0.66552,-9.8066,0,0,0
5.56,-0.7497,0.66178,-9.8066,0,0,0
5.565,-0.753,0.65802,-9.8066,0,0,0
5.57,-0.75628,0.65425,-9.8066,0,0,0
5.575,-0.75954,0.65046,-9.8066,0,0,0
5.58,-0.76279,0.64665,-9.8066,0,0,0
5.585,-0.76601,0.64283,-9.8066,0,0,0
5.59,-0.76921,0.63899,-9.8066,0,0,0
5.595,-0.7724,0.63514,-9.8066,0,0,0
5.6,-0.77557,0.63127,-9.8066,0,0,0
5.605,-0.77871,0.62738,-9.8066,0,0,0
5.61,-0.78184,0.62348,-9.8066,0,0,0
5.615,-0.78495,0.61956,-9.8066,0,0,0
5.62,-0.78804,0.61563,-9.8066,0,0,0
5.625,-0.7911,0.61168,-9.8066,0,0,0
5.63,-0.79415,0.60772,-9.8066,0,0,0
5.635,-0.79718,0.60374,-9.8066,0,0,0
5.64,-0.80019,0.59975,-9.8066,0,0,0
5.645,-0.80318,0.59574,-9.8066,0,0,0
5.65,-0.80615,0.59172,-9.8066,0,0,0
5.655,-0.8091,0.58768,-9.8066,0,0,0
5.66,-0.81202,0.58362,-9.8066,0,0,0
5.665,-0.81493,0.57956,-9.8066,0,0,0
5.67,-0.81782,0.57548,-9.8066,0,0,0
5.675,-0.82069,0.57138,-9.8066,0,0,0
5.68,-0.82353,0.56727,-9.8066,0,0,0
5.685,-0.82636,0.56314,-9.8066,0,0,0
5.69,-0.82916,0.559,-9.8066,0,0,0
5.695,-0.83195,0.55485,-9.8066,0,0,0
5.7,-0.83471,0.55069,-9.8066,0,0,0
5.705,-0.83746,0.54651,-9.8066,0,0,0
5.71,-0.84018,0.54231,-9.8066,0,0,0
5.715,-0.84288,0.5381,-9.8066,0,0,0
5.72,-0.84556,0.53388,-9.8066,0,0,0
5.725,-0.84822,0.52965,-9.8066,0,0,0
5.73,-0.85086,0.5254,-9.8066,0,0,0
5.735,-0.85347,0.52114,-9.8066,0,0,0
5.74,-0.85607,0.51687,-9.8066,0,0,0
5.745,-0.85864,0.51258,-9.8066,0,0,0
5.75,-0.86119,0.50828,-9.8066,0,0,0
5.755,-0.86372,0.50397,-9.8066,0,0,0
5.76,-0.86623,0.49964,-9.8066,0,0,0
5.765,-0.86872,0.4953,-9.8066,0,0,0
5.77,-0.87119,0.49095,-9.8066,0,0,0
5.775,-0.87363,0.48659,-9.8066,0,0,0
5.78,-0.87605,0.48222,-9.8066,0,0,0
5.785,-0.87845,0.47783,-9.8066,0,0,0
5.79,-0.88083,0.47343,-9.8066,0,0,0
5.795,-0.88319,0.46902,-9.8066,0,0,0
5.8,-0.88552,0.4646,-9.8066,0,0,0
5.805,-0.88783,0.46017,-9.8066,0,0,0
5.81,-0.89012,0.45572,-9.8066,0,0,0
5.815,-0.89239,0.45127,-9.8066,0,0,0
5.82,-0.89463,0.4468,-9.8066,0,0,0
5.825,-0.89686,0.44232,-9.8066,0,0,0
5.83,-0.89906,0.43783,-9.8066,0,0,0
5.835,-0.90123,0.43333,-9.8066,0,0,0
5.84,-0.90339,0.42882,-9.8066,0,0,0
5.845,-0.90552,0.4243,-9.8066,0,0,0
5.85,-0.90763,0.41976,-9.8066,0,0,0
5.855,-0.90972,0.41522,-9.8066,0,0,0
5.86,-0.91179,0.41067,-9.8066,0,0,0
5.865,-0.91383,0.4061,-9.8066,0,0,0
5.87,-0.91585,0.40153,-9.8066,0,0,0
5.875,-0.91784,0.39694,-9.8066,0,0,0
5.88,-0.91982,0.39235,-9.8066,0,0,0
5.885,-0.92177,0.38775,-9.8066,0,0,0
5.89,-0.92369,0.38313,-9.8066,0,0,0
5.895,-0.9256,0.37851,-9.8066,0,0,0
5.9,-0.92748,0.37388,-9.8066,0,0,0
5.905,-0.92934,0.36923,-9.8066,0,0,0
5.91,-0.93117,0.36458,-9.8066,0,0,0
5.915,-0.93298,0.35992,-9.8066,0,0,0
5.92,-0.93477,0.35525,-9.8066,0,0,0
5.925,-0.93653,0.35058,-9.8066,0,0,0
5.93,-0.93828,0.34589,-9.8066,0,0,0
5.935,-0.93999,0.34119,-9.8066,0,0,0
5.94,-0.94169,0.33649,-9.8066,0,0,0
5.945,-0.94336,0.33178,-9.8066,0,0,0
5.95,-0.94501,0.32705,-9.8066,0,0,0
5.955,-0.94663,0.32233,-9.8066,0,0,0
5.96,-0.94823,0.31759,-9.8066,0,0,0
5.965,-0.9498,0.31284,-9.8066,0,0,0
5.97,-0.95136,0.30809,-9.8066,0,0,0
5.975,-0.95289,0.30333,-9.8066,0,0,0
5.98,-0.95439,0.29856,-9.8066,0,0,0
5.985,-0.95587,0.29379,-9.8066,0,0,0
5.99,-0.95733,0.289,-9.8066,0,0,0
5.995,-0.95876,0.28421,-9.8066,0,0,0
6,-0.96017,0.27942,-9.8066,0,0,0
6.005,-0.96156,0.27461,-9.8066,0,0,0
6.01,-0.96292,0.2698,-9.8066,0,0,0
6.015,-0.96425,0.26498,-9.8066,0,0,0
6.02,-0.96557,0.26016,-9.8066,0,0,0
6.025,-0.96685,0.25533,-9.8066,0,0,0
6.03,-0.96812,0.25049,-9.8066,0,0,0
6.035,-0.96936,0.24565,-9.8066,0,0,0
6.04,-0.97058,0.2408,-9.8066,0,0,0
6.045,-0.97177,0.23594,-9.8066,0,0,0
6.05,-0.97294,0.23108,-9.8066,0,0,0
6.055,-0.97408,0.22621,-9.8066,0,0,0
6.06,-0.9752,0.22134,-9.8066,0,0,0
6.065,-0.97629,0.21646,-9.8066,0,0,0
6.07,-0.97736,0.21157,-9.8066,0,0,0
6.075,-0.97841,0.20668,-9.8066,0,0,0
6.08,-0.97943,0.20179,-9.8066,0,0,0
6.085,-0.98043,0.19689,-9.8066,0,0,0
6.09,-0.9814,0.19199,-9.8066,0,0,0
6.095,-0.98235,0.18708,-9.8066,0,0,0
6.1,-0.98327,0.18216,-9.8066,0,0,0
6.105,-0.98417,0.17724,-9.8066,0,0,0
6.11,-0.98504,0.17232,-9.8066,0,0,0
6.115,-0.98589,0.16739,-9.8066,0,0,0
6.12,-0.98671,0.16246,-9.8066,0,0,0
6.125,-0.98751,0.15753,-9.8066,0,0,0
6.13,-0.98829,0.15259,-9.8066,0,0,0
6.135,-0.98904,0.14764,-9.8066,0,0,0
6.14,-0.98977,0.1427,-9.8066,0,0,0
6.145,-0.99047,0.13775,-9.8066,0,0,0
6.15,-0.99114,0.13279,-9.8066,0,0,0
6.155,-0.9918,0.12783,-9.8066,0,0,0
6.16,-0.99242,0.12287,-9.8066,0,0,0
6.165,-0.99302,0.11791,-9.8066,0,0,0
6.17,-0.9936,0.11294,-9.8066,0,0,0
6.175,-0.99415,0.10797,-9.8066,0,0,0
6.18,-0.99468,0.103,-9.8066,0,0,0
6.185,-0.99518,0.098028,-9.8066,0,0,0
6.19,-0.99566,0.093051,-9.8066,0,0,0
6.195,-0.99611,0.088071,-9.8066,0,0,0
6.2,-0.99654,0.083089,-9.8066,0,0,0
6.205,-0.99695,0.078106,-9.8066,0,0,0
6.21,-0.99732,0.07312,-9.8066,0,0,0
6.215,-0.99768,0.068132,-9.8066,0,0,0
6.22,-0.998,0.063143,-9.8066,0,0,0
6.225,-0.99831,0.058152,-9.8066,0,0,0
6.23,-0.99859,0.05316,-9.8066,0,0,0
6.235,-0.99884,0.048167,-9.8066,0,0,0
6.24,-0.99907,0.043172,-9.8066,0,0,0
6.245,-0.99927,0.038176,-9.8066,0,0,0
6.25,-0.99945,0.033179,-9.8066,0,0,0
6.255,-0.9996,0.028182,-9.8066,0,0,0
6.26,-0.99973,0.023183,-9.8066,0,0,0
6.265,-0.99983,0.018184,-9.8066,0,0,0
6.27,-0.99991,0.013185,-9.8066,0,0,0
6.275,-0.99997,0.0081852,-9.8066,0,0,0
6.28,-0.99999,0.0031853,-9.8066,0,0,0
